BEGIN TRANSACTION;
CREATE TABLE IF NOT EXISTS "Breeds" (
	"breed_id"	INTEGER NOT NULL UNIQUE,
	"breed_name"	TEXT,
	PRIMARY KEY("breed_id" AUTOINCREMENT)
);
CREATE TABLE IF NOT EXISTS "Personalities" (
	"personality_id"	INTEGER NOT NULL UNIQUE,
	"personality_name"	TEXT,
	PRIMARY KEY("personality_id" AUTOINCREMENT)
);
CREATE TABLE IF NOT EXISTS "Users" (
	"user_id"	INTEGER NOT NULL UNIQUE,
	"user_first_name"	TEXT,
	"user_last_name"	TEXT,
	"user_address"	TEXT,
	"user_email"	TEXT,
	"user_phone"	TEXT,
	PRIMARY KEY("user_id" AUTOINCREMENT)
);
CREATE TABLE IF NOT EXISTS "CatBreed" (
	"cat_id"	INTEGER,
	"breed_id"	INTEGER,
	FOREIGN KEY("cat_id") REFERENCES "Cats"("cat_id"),
	FOREIGN KEY("breed_id") REFERENCES "Breeds"("breed_id")
);
CREATE TABLE IF NOT EXISTS "CatPersonality" (
	"cat_id"	INTEGER,
	"personality_id"	INTEGER,
	FOREIGN KEY("cat_id") REFERENCES "Cats"("cat_id"),
	FOREIGN KEY("personality_id") REFERENCES "Personalities"("personality_id")
);
CREATE TABLE IF NOT EXISTS "Cats" (
	"cat_id"	INTEGER NOT NULL UNIQUE,
	"cat_name"	TEXT,
	"cat_birthday"	TEXT,
	"cat_weight_lb"	REAL,
	PRIMARY KEY("cat_id" AUTOINCREMENT)
);
CREATE TABLE IF NOT EXISTS "Adopts" (
	"user_id"	INTEGER,
	"cat_id"	INTEGER,
	"adoption_date"	TEXT,
	FOREIGN KEY("user_id") REFERENCES "Users"("user_id"),
	FOREIGN KEY("cat_id") REFERENCES "Cats"("cat_id")
);
CREATE TABLE IF NOT EXISTS "Shelters" (
	"shelter_id"	INTEGER,
	"shelter_name"	TEXT,
	"shelter_location"	TEXT,
	"shelter_email"	TEXT,
	"shelter_phone"	TEXT
);
CREATE TABLE IF NOT EXISTS "Houses" (
	"cat_id"	INTEGER,
	"shelter_id"	INTEGER,
	FOREIGN KEY("shelter_id") REFERENCES "Shelters"("shelter_id"),
	FOREIGN KEY("cat_id") REFERENCES "Cats"("cat_id")
);
CREATE TABLE IF NOT EXISTS "Ratings" (
	"user_id"	INTEGER UNIQUE,
	"shelter_id"	INTEGER,
	"rating_score"	INTEGER,
	FOREIGN KEY("shelter_id") REFERENCES "Shelters"("shelter_id"),
	FOREIGN KEY("user_id") REFERENCES "Users"("user_id")
);
INSERT INTO "Breeds" ("breed_id","breed_name") VALUES (1,'Siamese');
INSERT INTO "Breeds" ("breed_id","breed_name") VALUES (2,'Persian');
INSERT INTO "Breeds" ("breed_id","breed_name") VALUES (3,'Maine Coon');
INSERT INTO "Breeds" ("breed_id","breed_name") VALUES (4,'Bengal');
INSERT INTO "Breeds" ("breed_id","breed_name") VALUES (5,'Ragdoll');
INSERT INTO "Breeds" ("breed_id","breed_name") VALUES (6,'Sphynx');
INSERT INTO "Breeds" ("breed_id","breed_name") VALUES (7,'British Shorthair');
INSERT INTO "Breeds" ("breed_id","breed_name") VALUES (8,'Scottish Fold');
INSERT INTO "Breeds" ("breed_id","breed_name") VALUES (9,'Russian Blue');
INSERT INTO "Breeds" ("breed_id","breed_name") VALUES (10,'Birman');
INSERT INTO "Breeds" ("breed_id","breed_name") VALUES (11,'Abyssinian');
INSERT INTO "Breeds" ("breed_id","breed_name") VALUES (12,'Norwegian Forest');
INSERT INTO "Breeds" ("breed_id","breed_name") VALUES (13,'Burmese');
INSERT INTO "Breeds" ("breed_id","breed_name") VALUES (14,'Tonkinese');
INSERT INTO "Breeds" ("breed_id","breed_name") VALUES (15,'Exotic Shorthair');
INSERT INTO "Breeds" ("breed_id","breed_name") VALUES (16,'Devon Rex');
INSERT INTO "Breeds" ("breed_id","breed_name") VALUES (17,'Himalayan');
INSERT INTO "Breeds" ("breed_id","breed_name") VALUES (18,'Cornish Rex');
INSERT INTO "Breeds" ("breed_id","breed_name") VALUES (19,'Oriental');
INSERT INTO "Breeds" ("breed_id","breed_name") VALUES (20,'American Shorthair');
INSERT INTO "Personalities" ("personality_id","personality_name") VALUES (1,'Introvert');
INSERT INTO "Personalities" ("personality_id","personality_name") VALUES (2,'Extrovert');
INSERT INTO "Personalities" ("personality_id","personality_name") VALUES (3,'Ambivert');
INSERT INTO "Personalities" ("personality_id","personality_name") VALUES (4,'Analytical');
INSERT INTO "Personalities" ("personality_id","personality_name") VALUES (5,'Creative');
INSERT INTO "Personalities" ("personality_id","personality_name") VALUES (6,'Adventurous');
INSERT INTO "Personalities" ("personality_id","personality_name") VALUES (7,'Empathetic');
INSERT INTO "Personalities" ("personality_id","personality_name") VALUES (8,'Logical');
INSERT INTO "Personalities" ("personality_id","personality_name") VALUES (9,'Optimistic');
INSERT INTO "Personalities" ("personality_id","personality_name") VALUES (10,'Pessimistic');
INSERT INTO "Personalities" ("personality_id","personality_name") VALUES (11,'Realistic');
INSERT INTO "Personalities" ("personality_id","personality_name") VALUES (12,'Idealistic');
INSERT INTO "Personalities" ("personality_id","personality_name") VALUES (13,'Reserved');
INSERT INTO "Personalities" ("personality_id","personality_name") VALUES (14,'Spontaneous');
INSERT INTO "Personalities" ("personality_id","personality_name") VALUES (15,'Detail-oriented');
INSERT INTO "Personalities" ("personality_id","personality_name") VALUES (16,'Free-spirited');
INSERT INTO "Personalities" ("personality_id","personality_name") VALUES (17,'Independent');
INSERT INTO "Personalities" ("personality_id","personality_name") VALUES (18,'Collaborative');
INSERT INTO "Personalities" ("personality_id","personality_name") VALUES (19,'Assertive');
INSERT INTO "Personalities" ("personality_id","personality_name") VALUES (20,'Easygoing');
INSERT INTO "Users" ("user_id","user_first_name","user_last_name","user_address","user_email","user_phone") VALUES (1,'Fabe','Burburough','8 Sheridan Lane','fburburough0@ihg.com','678-472-9510');
INSERT INTO "Users" ("user_id","user_first_name","user_last_name","user_address","user_email","user_phone") VALUES (2,'Basilius','Booeln','671 Stephen Circle','bbooeln1@skype.com','987-902-4702');
INSERT INTO "Users" ("user_id","user_first_name","user_last_name","user_address","user_email","user_phone") VALUES (3,'Lia','Gehrels','35 Troy Trail','lgehrels2@slashdot.org','734-381-2149');
INSERT INTO "Users" ("user_id","user_first_name","user_last_name","user_address","user_email","user_phone") VALUES (4,'Jerad','Gebby','232 Thackeray Crossing','jgebby3@constantcontact.com','541-271-2092');
INSERT INTO "Users" ("user_id","user_first_name","user_last_name","user_address","user_email","user_phone") VALUES (5,'Delilah','Rushbrooke','383 4th Way','drushbrooke4@google.ru','731-557-2826');
INSERT INTO "Users" ("user_id","user_first_name","user_last_name","user_address","user_email","user_phone") VALUES (6,'Shay','McMeeking','10 Grim Lane','smcmeeking5@acquirethisname.com','532-381-9894');
INSERT INTO "Users" ("user_id","user_first_name","user_last_name","user_address","user_email","user_phone") VALUES (7,'Dianemarie','Rennebeck','49 Lien Terrace','drennebeck6@myspace.com','265-268-9188');
INSERT INTO "Users" ("user_id","user_first_name","user_last_name","user_address","user_email","user_phone") VALUES (8,'Aguie','Vanni','80 Jenna Street','avanni7@histats.com','208-937-8640');
INSERT INTO "Users" ("user_id","user_first_name","user_last_name","user_address","user_email","user_phone") VALUES (9,'Staffard','Gregorowicz','7981 Bunker Hill Court','sgregorowicz8@fema.gov','689-560-8486');
INSERT INTO "Users" ("user_id","user_first_name","user_last_name","user_address","user_email","user_phone") VALUES (10,'Ronny','Simkovitz','6 Blue Bill Park Center','rsimkovitz9@ted.com','598-176-2568');
INSERT INTO "Users" ("user_id","user_first_name","user_last_name","user_address","user_email","user_phone") VALUES (11,'Eamon','Karus','18 Hauk Road','ekarusa@fastcompany.com','825-123-9261');
INSERT INTO "Users" ("user_id","user_first_name","user_last_name","user_address","user_email","user_phone") VALUES (12,'Shannah','Ruecastle','06 Caliangt Parkway','sruecastleb@springer.com','534-398-4044');
INSERT INTO "Users" ("user_id","user_first_name","user_last_name","user_address","user_email","user_phone") VALUES (13,'Bordy','Welbrock','46357 Montana Street','bwelbrockc@about.com','766-632-0589');
INSERT INTO "Users" ("user_id","user_first_name","user_last_name","user_address","user_email","user_phone") VALUES (14,'Cesare','Wrotham','0 Grim Place','cwrothamd@nps.gov','386-835-8161');
INSERT INTO "Users" ("user_id","user_first_name","user_last_name","user_address","user_email","user_phone") VALUES (15,'Andras','Sharram','7638 Kedzie Point','asharrame@ehow.com','162-791-0708');
INSERT INTO "Users" ("user_id","user_first_name","user_last_name","user_address","user_email","user_phone") VALUES (16,'Nertie','O''Kinedy','0 Maywood Park','nokinedyf@fema.gov','240-151-7760');
INSERT INTO "Users" ("user_id","user_first_name","user_last_name","user_address","user_email","user_phone") VALUES (17,'Emmalynn','Shenton','8 School Parkway','eshentong@ning.com','376-417-4084');
INSERT INTO "Users" ("user_id","user_first_name","user_last_name","user_address","user_email","user_phone") VALUES (18,'Alie','Wayvill','4 Nobel Plaza','awayvillh@a8.net','257-573-2808');
INSERT INTO "Users" ("user_id","user_first_name","user_last_name","user_address","user_email","user_phone") VALUES (19,'Wyndham','Milsted','8759 Weeping Birch Lane','wmilstedi@nydailynews.com','266-527-7121');
INSERT INTO "Users" ("user_id","user_first_name","user_last_name","user_address","user_email","user_phone") VALUES (20,'Audry','Piccop','2 Logan Circle','apiccopj@paypal.com','818-819-8836');
INSERT INTO "Users" ("user_id","user_first_name","user_last_name","user_address","user_email","user_phone") VALUES (21,'Shaylah','Stains','74104 Algoma Lane','sstainsk@dell.com','994-534-9633');
INSERT INTO "Users" ("user_id","user_first_name","user_last_name","user_address","user_email","user_phone") VALUES (22,'Ursa','Tilby','18787 Shopko Lane','utilbyl@telegraph.co.uk','955-323-5901');
INSERT INTO "Users" ("user_id","user_first_name","user_last_name","user_address","user_email","user_phone") VALUES (23,'Carolus','Skahill','9 Green Ridge Center','cskahillm@buzzfeed.com','719-878-2388');
INSERT INTO "Users" ("user_id","user_first_name","user_last_name","user_address","user_email","user_phone") VALUES (24,'Sherrie','Blinckhorne','33231 High Crossing Road','sblinckhornen@mozilla.com','213-687-3381');
INSERT INTO "Users" ("user_id","user_first_name","user_last_name","user_address","user_email","user_phone") VALUES (25,'Guglielmo','Georges','80857 Merchant Lane','ggeorgeso@prlog.org','998-442-2924');
INSERT INTO "Users" ("user_id","user_first_name","user_last_name","user_address","user_email","user_phone") VALUES (26,'Land','Ullyatt','04066 Arapahoe Road','lullyattp@amazonaws.com','262-524-4226');
INSERT INTO "Users" ("user_id","user_first_name","user_last_name","user_address","user_email","user_phone") VALUES (27,'Broddy','Giraudot','4975 Rieder Parkway','bgiraudotq@elpais.com','298-209-0632');
INSERT INTO "Users" ("user_id","user_first_name","user_last_name","user_address","user_email","user_phone") VALUES (28,'Jeri','Quinlan','29 Victoria Pass','jquinlanr@bandcamp.com','889-517-7889');
INSERT INTO "Users" ("user_id","user_first_name","user_last_name","user_address","user_email","user_phone") VALUES (29,'Gilberto','Cuel','8950 Haas Place','gcuels@sbwire.com','648-177-4954');
INSERT INTO "Users" ("user_id","user_first_name","user_last_name","user_address","user_email","user_phone") VALUES (30,'Moyra','Cockrill','8 Fallview Drive','mcockrillt@whitehouse.gov','172-480-8112');
INSERT INTO "Users" ("user_id","user_first_name","user_last_name","user_address","user_email","user_phone") VALUES (31,'Richardo','Paolino','3784 Manitowish Drive','rpaolinou@acquirethisname.com','743-939-7595');
INSERT INTO "Users" ("user_id","user_first_name","user_last_name","user_address","user_email","user_phone") VALUES (32,'Angele','Payn','64566 Debs Circle','apaynv@rambler.ru','575-442-8545');
INSERT INTO "Users" ("user_id","user_first_name","user_last_name","user_address","user_email","user_phone") VALUES (33,'Gerladina','Swales','20 Hansons Street','gswalesw@harvard.edu','154-536-3687');
INSERT INTO "Users" ("user_id","user_first_name","user_last_name","user_address","user_email","user_phone") VALUES (34,'Raul','Himsworth','57954 Southridge Terrace','rhimsworthx@hp.com','966-339-2357');
INSERT INTO "Users" ("user_id","user_first_name","user_last_name","user_address","user_email","user_phone") VALUES (35,'Dicky','Fearfull','035 Northland Center','dfearfully@fc2.com','633-166-8019');
INSERT INTO "Users" ("user_id","user_first_name","user_last_name","user_address","user_email","user_phone") VALUES (36,'Jillene','Deas','19710 Huxley Pass','jdeasz@plala.or.jp','725-284-6298');
INSERT INTO "Users" ("user_id","user_first_name","user_last_name","user_address","user_email","user_phone") VALUES (37,'Stormie','Trangmar','31806 Atwood Center','strangmar10@usda.gov','975-258-9913');
INSERT INTO "Users" ("user_id","user_first_name","user_last_name","user_address","user_email","user_phone") VALUES (38,'Vina','Franke','8 Clove Crossing','vfranke11@uol.com.br','756-973-5496');
INSERT INTO "Users" ("user_id","user_first_name","user_last_name","user_address","user_email","user_phone") VALUES (39,'Mitchael','Marti','01 Golden Leaf Crossing','mmarti12@marriott.com','958-309-3312');
INSERT INTO "Users" ("user_id","user_first_name","user_last_name","user_address","user_email","user_phone") VALUES (40,'Dulce','Jellis','43948 Fair Oaks Place','djellis13@nyu.edu','221-134-2939');
INSERT INTO "Users" ("user_id","user_first_name","user_last_name","user_address","user_email","user_phone") VALUES (41,'Bibbye','Edmott','96 Carey Center','bedmott14@sohu.com','351-866-0026');
INSERT INTO "Users" ("user_id","user_first_name","user_last_name","user_address","user_email","user_phone") VALUES (42,'Vida','Raggles','2 Badeau Crossing','vraggles15@tinypic.com','880-527-0644');
INSERT INTO "Users" ("user_id","user_first_name","user_last_name","user_address","user_email","user_phone") VALUES (43,'Merv','Aistrop','9 Westend Pass','maistrop16@tiny.cc','239-354-2000');
INSERT INTO "Users" ("user_id","user_first_name","user_last_name","user_address","user_email","user_phone") VALUES (44,'Matilda','LAbbet','349 Hoffman Center','mlabbet17@cnbc.com','625-696-5146');
INSERT INTO "Users" ("user_id","user_first_name","user_last_name","user_address","user_email","user_phone") VALUES (45,'Deloria','Spadeck','60 Mccormick Junction','dspadeck18@wikipedia.org','127-379-3207');
INSERT INTO "Users" ("user_id","user_first_name","user_last_name","user_address","user_email","user_phone") VALUES (46,'Dodi','Neljes','7813 Ridgeview Hill','dneljes19@cbc.ca','834-381-7544');
INSERT INTO "Users" ("user_id","user_first_name","user_last_name","user_address","user_email","user_phone") VALUES (47,'Claudia','Rixon','68 Garrison Circle','crixon1a@123-reg.co.uk','828-830-9509');
INSERT INTO "Users" ("user_id","user_first_name","user_last_name","user_address","user_email","user_phone") VALUES (48,'Sinclare','Shotton','6155 Mesta Avenue','sshotton1b@tripadvisor.com','811-529-4885');
INSERT INTO "Users" ("user_id","user_first_name","user_last_name","user_address","user_email","user_phone") VALUES (49,'Jaynell','Fradson','9 Coleman Crossing','jfradson1c@goo.gl','213-104-4078');
INSERT INTO "Users" ("user_id","user_first_name","user_last_name","user_address","user_email","user_phone") VALUES (50,'Maridel','Broose','36 Dunning Plaza','mbroose1d@independent.co.uk','458-907-9636');
INSERT INTO "Users" ("user_id","user_first_name","user_last_name","user_address","user_email","user_phone") VALUES (51,'Helyn','Bocock','56752 Elka Crossing','hbocock1e@shareasale.com','508-668-1922');
INSERT INTO "Users" ("user_id","user_first_name","user_last_name","user_address","user_email","user_phone") VALUES (52,'Julietta','Romeuf','3266 Northfield Way','jromeuf1f@homestead.com','768-145-0235');
INSERT INTO "Users" ("user_id","user_first_name","user_last_name","user_address","user_email","user_phone") VALUES (53,'Jerad','Filchakov','3 Claremont Court','jfilchakov1g@ox.ac.uk','828-813-3224');
INSERT INTO "Users" ("user_id","user_first_name","user_last_name","user_address","user_email","user_phone") VALUES (54,'Aubrey','McAlester','669 Northfield Place','amcalester1h@gmpg.org','650-584-6126');
INSERT INTO "Users" ("user_id","user_first_name","user_last_name","user_address","user_email","user_phone") VALUES (55,'Karolina','Primak','62510 Vidon Point','kprimak1i@loc.gov','452-521-4267');
INSERT INTO "Users" ("user_id","user_first_name","user_last_name","user_address","user_email","user_phone") VALUES (56,'Stephine','Stapells','34 Hermina Plaza','sstapells1j@weibo.com','552-806-7666');
INSERT INTO "Users" ("user_id","user_first_name","user_last_name","user_address","user_email","user_phone") VALUES (57,'Brand','Bonham','439 Northview Alley','bbonham1k@geocities.jp','181-279-5440');
INSERT INTO "Users" ("user_id","user_first_name","user_last_name","user_address","user_email","user_phone") VALUES (58,'Shani','Derrick','64329 Old Gate Pass','sderrick1l@bravesites.com','790-792-7872');
INSERT INTO "Users" ("user_id","user_first_name","user_last_name","user_address","user_email","user_phone") VALUES (59,'Jackelyn','Ryce','615 Center Avenue','jryce1m@vinaora.com','834-864-8021');
INSERT INTO "Users" ("user_id","user_first_name","user_last_name","user_address","user_email","user_phone") VALUES (60,'Ardis','Owain','213 Dayton Park','aowain1n@mayoclinic.com','758-893-2048');
INSERT INTO "Users" ("user_id","user_first_name","user_last_name","user_address","user_email","user_phone") VALUES (61,'Delmar','Matthisson','2 Farragut Junction','dmatthisson1o@chicagotribune.com','334-103-7854');
INSERT INTO "Users" ("user_id","user_first_name","user_last_name","user_address","user_email","user_phone") VALUES (62,'Corrie','Chettle','6 Graedel Park','cchettle1p@dropbox.com','185-478-9237');
INSERT INTO "Users" ("user_id","user_first_name","user_last_name","user_address","user_email","user_phone") VALUES (63,'Richmound','Castellone','96 Dixon Trail','rcastellone1q@jiathis.com','826-783-3665');
INSERT INTO "Users" ("user_id","user_first_name","user_last_name","user_address","user_email","user_phone") VALUES (64,'Wilmer','Hischke','62423 Truax Road','whischke1r@wordpress.com','243-161-8958');
INSERT INTO "Users" ("user_id","user_first_name","user_last_name","user_address","user_email","user_phone") VALUES (65,'Valentine','Cracoe','21312 Eastwood Junction','vcracoe1s@wikia.com','509-674-4395');
INSERT INTO "Users" ("user_id","user_first_name","user_last_name","user_address","user_email","user_phone") VALUES (66,'Karil','Sweetmore','98 Hermina Trail','ksweetmore1t@w3.org','809-373-3720');
INSERT INTO "Users" ("user_id","user_first_name","user_last_name","user_address","user_email","user_phone") VALUES (67,'Eddy','Rohmer','7 Dovetail Junction','erohmer1u@simplemachines.org','259-450-2673');
INSERT INTO "Users" ("user_id","user_first_name","user_last_name","user_address","user_email","user_phone") VALUES (68,'Atalanta','Roakes','34828 Morningstar Park','aroakes1v@themeforest.net','145-548-3198');
INSERT INTO "Users" ("user_id","user_first_name","user_last_name","user_address","user_email","user_phone") VALUES (69,'Bathsheba','Ruffli','4571 6th Road','bruffli1w@vimeo.com','322-555-0055');
INSERT INTO "Users" ("user_id","user_first_name","user_last_name","user_address","user_email","user_phone") VALUES (70,'Caroljean','Thorn','63 Darwin Parkway','cthorn1x@cornell.edu','611-460-5650');
INSERT INTO "Users" ("user_id","user_first_name","user_last_name","user_address","user_email","user_phone") VALUES (71,'Harold','Paladini','4611 Bonner Trail','hpaladini1y@google.de','989-151-2624');
INSERT INTO "Users" ("user_id","user_first_name","user_last_name","user_address","user_email","user_phone") VALUES (72,'Garth','Fones','07 Lien Trail','gfones1z@cbsnews.com','219-932-0210');
INSERT INTO "Users" ("user_id","user_first_name","user_last_name","user_address","user_email","user_phone") VALUES (73,'Rob','Tregale','04 Debra Junction','rtregale20@bing.com','148-471-1717');
INSERT INTO "Users" ("user_id","user_first_name","user_last_name","user_address","user_email","user_phone") VALUES (74,'Malena','Jelkes','89 Waubesa Lane','mjelkes21@hp.com','860-250-6298');
INSERT INTO "Users" ("user_id","user_first_name","user_last_name","user_address","user_email","user_phone") VALUES (75,'Rriocard','Gowenlock','8254 Delladonna Center','rgowenlock22@illinois.edu','167-285-2380');
INSERT INTO "Users" ("user_id","user_first_name","user_last_name","user_address","user_email","user_phone") VALUES (76,'Emelita','Readwood','9002 Veith Center','ereadwood23@opera.com','805-880-8843');
INSERT INTO "Users" ("user_id","user_first_name","user_last_name","user_address","user_email","user_phone") VALUES (77,'Bertha','O''Hare','27621 Dennis Crossing','bohare24@instagram.com','930-893-7093');
INSERT INTO "Users" ("user_id","user_first_name","user_last_name","user_address","user_email","user_phone") VALUES (78,'Marvin','Geddis','287 Mayer Plaza','mgeddis25@ustream.tv','171-266-7760');
INSERT INTO "Users" ("user_id","user_first_name","user_last_name","user_address","user_email","user_phone") VALUES (79,'Jennette','Kevlin','223 Mockingbird Point','jkevlin26@plala.or.jp','530-493-6113');
INSERT INTO "Users" ("user_id","user_first_name","user_last_name","user_address","user_email","user_phone") VALUES (80,'Melicent','Hackford','82041 Oakridge Way','mhackford27@g.co','706-139-5019');
INSERT INTO "Users" ("user_id","user_first_name","user_last_name","user_address","user_email","user_phone") VALUES (81,'Tanney','Burke','222 Haas Crossing','tburke28@wunderground.com','228-142-5468');
INSERT INTO "Users" ("user_id","user_first_name","user_last_name","user_address","user_email","user_phone") VALUES (82,'Craig','Haberjam','2527 Michigan Avenue','chaberjam29@gizmodo.com','339-288-2426');
INSERT INTO "Users" ("user_id","user_first_name","user_last_name","user_address","user_email","user_phone") VALUES (83,'Brannon','Burditt','218 Sherman Crossing','bburditt2a@timesonline.co.uk','950-385-4096');
INSERT INTO "Users" ("user_id","user_first_name","user_last_name","user_address","user_email","user_phone") VALUES (84,'Olva','Kelshaw','1 Elgar Pass','okelshaw2b@deviantart.com','709-947-4225');
INSERT INTO "Users" ("user_id","user_first_name","user_last_name","user_address","user_email","user_phone") VALUES (85,'Bev','Barok','5273 Ruskin Hill','bbarok2c@qq.com','544-651-9197');
INSERT INTO "Users" ("user_id","user_first_name","user_last_name","user_address","user_email","user_phone") VALUES (86,'Misha','Bellfield','68898 Pierstorff Pass','mbellfield2d@webnode.com','554-166-2893');
INSERT INTO "Users" ("user_id","user_first_name","user_last_name","user_address","user_email","user_phone") VALUES (87,'Selestina','Verbrugge','119 Hoard Terrace','sverbrugge2e@loc.gov','969-382-1667');
INSERT INTO "Users" ("user_id","user_first_name","user_last_name","user_address","user_email","user_phone") VALUES (88,'Fredric','Morphet','7 Dorton Way','fmorphet2f@gov.uk','611-991-8790');
INSERT INTO "Users" ("user_id","user_first_name","user_last_name","user_address","user_email","user_phone") VALUES (89,'Edwina','Roblett','9 Dayton Avenue','eroblett2g@godaddy.com','928-761-2575');
INSERT INTO "Users" ("user_id","user_first_name","user_last_name","user_address","user_email","user_phone") VALUES (90,'Cam','Stayt','04 Ridge Oak Park','cstayt2h@shop-pro.jp','126-673-6941');
INSERT INTO "Users" ("user_id","user_first_name","user_last_name","user_address","user_email","user_phone") VALUES (91,'Hubey','Fletcher','0304 Ohio Hill','hfletcher2i@irs.gov','571-473-5675');
INSERT INTO "Users" ("user_id","user_first_name","user_last_name","user_address","user_email","user_phone") VALUES (92,'Rosabel','Saura','75612 Susan Center','rsaura2j@edublogs.org','243-173-2979');
INSERT INTO "Users" ("user_id","user_first_name","user_last_name","user_address","user_email","user_phone") VALUES (93,'Queenie','Stuffins','7 Hoepker Junction','qstuffins2k@newsvine.com','796-227-3789');
INSERT INTO "Users" ("user_id","user_first_name","user_last_name","user_address","user_email","user_phone") VALUES (94,'Coralie','Arnholdt','7 Nancy Street','carnholdt2l@meetup.com','334-717-5840');
INSERT INTO "Users" ("user_id","user_first_name","user_last_name","user_address","user_email","user_phone") VALUES (95,'Lief','Jakubovski','86 3rd Circle','ljakubovski2m@seesaa.net','734-759-1966');
INSERT INTO "Users" ("user_id","user_first_name","user_last_name","user_address","user_email","user_phone") VALUES (96,'Levi','Wemes','121 Union Plaza','lwemes2n@businesswire.com','645-730-1778');
INSERT INTO "Users" ("user_id","user_first_name","user_last_name","user_address","user_email","user_phone") VALUES (97,'Neddie','Robilliard','8 Jenifer Road','nrobilliard2o@yolasite.com','746-412-8238');
INSERT INTO "Users" ("user_id","user_first_name","user_last_name","user_address","user_email","user_phone") VALUES (98,'Janel','Melan','890 Summer Ridge Road','jmelan2p@flickr.com','373-415-2975');
INSERT INTO "Users" ("user_id","user_first_name","user_last_name","user_address","user_email","user_phone") VALUES (99,'Buckie','Josowitz','18776 Rusk Lane','bjosowitz2q@google.nl','579-170-4496');
INSERT INTO "Users" ("user_id","user_first_name","user_last_name","user_address","user_email","user_phone") VALUES (100,'Kimmie','Struijs','238 Browning Plaza','kstruijs2r@istockphoto.com','373-427-3050');
INSERT INTO "Users" ("user_id","user_first_name","user_last_name","user_address","user_email","user_phone") VALUES (101,'Vick','MacEnelly','94 Lindbergh Drive','vmacenelly2s@dailymail.co.uk','408-839-4109');
INSERT INTO "Users" ("user_id","user_first_name","user_last_name","user_address","user_email","user_phone") VALUES (102,'Niki','MacAndie','89 Welch Court','nmacandie2t@nationalgeographic.com','653-818-9169');
INSERT INTO "Users" ("user_id","user_first_name","user_last_name","user_address","user_email","user_phone") VALUES (103,'Vince','Salway','5 Stephen Center','vsalway2u@ovh.net','947-646-3093');
INSERT INTO "Users" ("user_id","user_first_name","user_last_name","user_address","user_email","user_phone") VALUES (104,'Janette','Vreiberg','9284 Forest Lane','jvreiberg2v@howstuffworks.com','677-505-3321');
INSERT INTO "Users" ("user_id","user_first_name","user_last_name","user_address","user_email","user_phone") VALUES (105,'Rubie','Gritton','29405 Pearson Crossing','rgritton2w@ycombinator.com','129-186-6717');
INSERT INTO "Users" ("user_id","user_first_name","user_last_name","user_address","user_email","user_phone") VALUES (106,'Arman','Basketfield','9047 Sachs Parkway','abasketfield2x@wsj.com','806-703-7000');
INSERT INTO "Users" ("user_id","user_first_name","user_last_name","user_address","user_email","user_phone") VALUES (107,'Tucky','Simcoe','45 Merrick Hill','tsimcoe2y@si.edu','187-799-0692');
INSERT INTO "Users" ("user_id","user_first_name","user_last_name","user_address","user_email","user_phone") VALUES (108,'Darryl','Amorts','751 Esch Drive','damorts2z@lulu.com','873-376-3189');
INSERT INTO "Users" ("user_id","user_first_name","user_last_name","user_address","user_email","user_phone") VALUES (109,'Elna','Powlesland','1258 Little Fleur Trail','epowlesland30@bbb.org','706-642-2252');
INSERT INTO "Users" ("user_id","user_first_name","user_last_name","user_address","user_email","user_phone") VALUES (110,'Price','Meredyth','846 American Ash Lane','pmeredyth31@marriott.com','281-822-2736');
INSERT INTO "Users" ("user_id","user_first_name","user_last_name","user_address","user_email","user_phone") VALUES (111,'Addia','Card','1 Twin Pines Road','acard32@omniture.com','307-907-3784');
INSERT INTO "Users" ("user_id","user_first_name","user_last_name","user_address","user_email","user_phone") VALUES (112,'Tristam','Hawksley','6856 Summer Ridge Way','thawksley33@dell.com','222-179-7239');
INSERT INTO "Users" ("user_id","user_first_name","user_last_name","user_address","user_email","user_phone") VALUES (113,'Mickie','Sedgman','550 Becker Crossing','msedgman34@csmonitor.com','369-749-8270');
INSERT INTO "Users" ("user_id","user_first_name","user_last_name","user_address","user_email","user_phone") VALUES (114,'Daloris','Orht','1 Brickson Park Circle','dorht35@imdb.com','495-417-6526');
INSERT INTO "Users" ("user_id","user_first_name","user_last_name","user_address","user_email","user_phone") VALUES (115,'Oralie','McDoual','4 Talisman Crossing','omcdoual36@marketwatch.com','585-936-5300');
INSERT INTO "Users" ("user_id","user_first_name","user_last_name","user_address","user_email","user_phone") VALUES (116,'Madeline','Boord','72140 Coleman Trail','mboord37@51.la','298-797-7008');
INSERT INTO "Users" ("user_id","user_first_name","user_last_name","user_address","user_email","user_phone") VALUES (117,'Deb','Abraham','61 Arkansas Road','dabraham38@illinois.edu','610-808-8197');
INSERT INTO "Users" ("user_id","user_first_name","user_last_name","user_address","user_email","user_phone") VALUES (118,'Margareta','Bligh','16 Lien Crossing','mbligh39@over-blog.com','765-608-6727');
INSERT INTO "Users" ("user_id","user_first_name","user_last_name","user_address","user_email","user_phone") VALUES (119,'Cole','McGlaughn','378 Beilfuss Trail','cmcglaughn3a@google.co.jp','333-872-1400');
INSERT INTO "Users" ("user_id","user_first_name","user_last_name","user_address","user_email","user_phone") VALUES (120,'Jessalin','Heinig','9010 Anzinger Hill','jheinig3b@cnn.com','620-781-4357');
INSERT INTO "Users" ("user_id","user_first_name","user_last_name","user_address","user_email","user_phone") VALUES (121,'Leopold','Hafner','2751 Mendota Drive','lhafner3c@nationalgeographic.com','850-880-2411');
INSERT INTO "Users" ("user_id","user_first_name","user_last_name","user_address","user_email","user_phone") VALUES (122,'Clare','Deluce','76899 Walton Crossing','cdeluce3d@timesonline.co.uk','178-456-7324');
INSERT INTO "Users" ("user_id","user_first_name","user_last_name","user_address","user_email","user_phone") VALUES (123,'Christyna','Dannohl','8 Milwaukee Crossing','cdannohl3e@tripod.com','541-728-7270');
INSERT INTO "Users" ("user_id","user_first_name","user_last_name","user_address","user_email","user_phone") VALUES (124,'Ransell','Antonutti','90061 Kensington Plaza','rantonutti3f@chicagotribune.com','327-494-0847');
INSERT INTO "Users" ("user_id","user_first_name","user_last_name","user_address","user_email","user_phone") VALUES (125,'Welbie','Durman','4 Heffernan Terrace','wdurman3g@about.me','326-174-6648');
INSERT INTO "Users" ("user_id","user_first_name","user_last_name","user_address","user_email","user_phone") VALUES (126,'Yetty','Kincaid','08 Division Center','ykincaid3h@cnbc.com','350-772-1592');
INSERT INTO "Users" ("user_id","user_first_name","user_last_name","user_address","user_email","user_phone") VALUES (127,'Royce','Lydiate','59 Butternut Court','rlydiate3i@macromedia.com','510-832-6877');
INSERT INTO "Users" ("user_id","user_first_name","user_last_name","user_address","user_email","user_phone") VALUES (128,'Hi','Speek','92 Hayes Point','hspeek3j@sogou.com','360-338-5819');
INSERT INTO "Users" ("user_id","user_first_name","user_last_name","user_address","user_email","user_phone") VALUES (129,'Vale','Rosoman','1 Calypso Street','vrosoman3k@digg.com','219-912-9419');
INSERT INTO "Users" ("user_id","user_first_name","user_last_name","user_address","user_email","user_phone") VALUES (130,'Sean','Butson','4 Charing Cross Park','sbutson3l@yale.edu','604-684-3172');
INSERT INTO "Users" ("user_id","user_first_name","user_last_name","user_address","user_email","user_phone") VALUES (131,'Elfrida','de Chastelain','53 Erie Parkway','edechastelain3m@scribd.com','270-288-3271');
INSERT INTO "Users" ("user_id","user_first_name","user_last_name","user_address","user_email","user_phone") VALUES (132,'Harman','Torr','2 Linden Point','htorr3n@youtu.be','434-931-9491');
INSERT INTO "Users" ("user_id","user_first_name","user_last_name","user_address","user_email","user_phone") VALUES (133,'Berkeley','Schoular','0 Messerschmidt Center','bschoular3o@craigslist.org','933-381-6413');
INSERT INTO "Users" ("user_id","user_first_name","user_last_name","user_address","user_email","user_phone") VALUES (134,'Erroll','Shortan','67013 Melvin Drive','eshortan3p@ucla.edu','762-544-7465');
INSERT INTO "Users" ("user_id","user_first_name","user_last_name","user_address","user_email","user_phone") VALUES (135,'Celestine','Witsey','636 Spenser Point','cwitsey3q@hp.com','655-635-3167');
INSERT INTO "Users" ("user_id","user_first_name","user_last_name","user_address","user_email","user_phone") VALUES (136,'Beck','Woolvin','5861 Gina Hill','bwoolvin3r@boston.com','844-920-5228');
INSERT INTO "Users" ("user_id","user_first_name","user_last_name","user_address","user_email","user_phone") VALUES (137,'Franky','Harvison','8 Rowland Pass','fharvison3s@artisteer.com','308-576-2751');
INSERT INTO "Users" ("user_id","user_first_name","user_last_name","user_address","user_email","user_phone") VALUES (138,'Chandler','Tullett','01 Lakewood Gardens Lane','ctullett3t@bizjournals.com','351-836-7032');
INSERT INTO "Users" ("user_id","user_first_name","user_last_name","user_address","user_email","user_phone") VALUES (139,'Jany','Burfield','6839 Village Green Hill','jburfield3u@sitemeter.com','819-396-2393');
INSERT INTO "Users" ("user_id","user_first_name","user_last_name","user_address","user_email","user_phone") VALUES (140,'Parker','Simpson','2007 New Castle Pass','psimpson3v@blogger.com','926-408-7691');
INSERT INTO "Users" ("user_id","user_first_name","user_last_name","user_address","user_email","user_phone") VALUES (141,'Jule','Deards','11 Northwestern Hill','jdeards3w@google.com.br','262-586-5378');
INSERT INTO "Users" ("user_id","user_first_name","user_last_name","user_address","user_email","user_phone") VALUES (142,'Misty','Showell','3403 Holmberg Plaza','mshowell3x@surveymonkey.com','137-480-3650');
INSERT INTO "Users" ("user_id","user_first_name","user_last_name","user_address","user_email","user_phone") VALUES (143,'Olwen','Alywin','9049 Parkside Circle','oalywin3y@yandex.ru','477-587-7609');
INSERT INTO "Users" ("user_id","user_first_name","user_last_name","user_address","user_email","user_phone") VALUES (144,'Leanor','Breitler','81 Corscot Avenue','lbreitler3z@t.co','740-960-2258');
INSERT INTO "Users" ("user_id","user_first_name","user_last_name","user_address","user_email","user_phone") VALUES (145,'Mina','Cellone','6 Stuart Junction','mcellone40@army.mil','899-573-9140');
INSERT INTO "Users" ("user_id","user_first_name","user_last_name","user_address","user_email","user_phone") VALUES (146,'Alisun','Lawly','466 Clove Trail','alawly41@dell.com','472-764-6084');
INSERT INTO "Users" ("user_id","user_first_name","user_last_name","user_address","user_email","user_phone") VALUES (147,'Gennifer','Creed','49731 Stephen Crossing','gcreed42@spiegel.de','488-594-5949');
INSERT INTO "Users" ("user_id","user_first_name","user_last_name","user_address","user_email","user_phone") VALUES (148,'Lauren','Milnes','061 Buhler Parkway','lmilnes43@tuttocitta.it','289-482-1655');
INSERT INTO "Users" ("user_id","user_first_name","user_last_name","user_address","user_email","user_phone") VALUES (149,'Ive','Drinkale','8227 Elka Road','idrinkale44@mayoclinic.com','847-566-2332');
INSERT INTO "Users" ("user_id","user_first_name","user_last_name","user_address","user_email","user_phone") VALUES (150,'Thatcher','Holtham','9 Bellgrove Parkway','tholtham45@cocolog-nifty.com','199-979-3578');
INSERT INTO "Users" ("user_id","user_first_name","user_last_name","user_address","user_email","user_phone") VALUES (151,'Denyse','Ainsbury','4 Lake View Trail','dainsbury46@state.tx.us','617-343-6179');
INSERT INTO "Users" ("user_id","user_first_name","user_last_name","user_address","user_email","user_phone") VALUES (152,'Eloise','Rignold','6 Hauk Alley','erignold47@pbs.org','486-202-3304');
INSERT INTO "Users" ("user_id","user_first_name","user_last_name","user_address","user_email","user_phone") VALUES (153,'Florida','Flahive','09 Westend Terrace','fflahive48@independent.co.uk','712-731-9694');
INSERT INTO "Users" ("user_id","user_first_name","user_last_name","user_address","user_email","user_phone") VALUES (154,'Demetris','Ritson','390 Sycamore Alley','dritson49@purevolume.com','312-854-0193');
INSERT INTO "Users" ("user_id","user_first_name","user_last_name","user_address","user_email","user_phone") VALUES (155,'Marian','Willavoys','1 Schmedeman Court','mwillavoys4a@google.com.hk','708-778-2282');
INSERT INTO "Users" ("user_id","user_first_name","user_last_name","user_address","user_email","user_phone") VALUES (156,'Ethelda','Antognetti','5222 Larry Plaza','eantognetti4b@artisteer.com','394-583-4704');
INSERT INTO "Users" ("user_id","user_first_name","user_last_name","user_address","user_email","user_phone") VALUES (157,'Lian','Fevier','43192 Scoville Point','lfevier4c@linkedin.com','793-272-3037');
INSERT INTO "Users" ("user_id","user_first_name","user_last_name","user_address","user_email","user_phone") VALUES (158,'Willow','Haughin','38 Mallard Park','whaughin4d@dailymail.co.uk','202-354-2809');
INSERT INTO "Users" ("user_id","user_first_name","user_last_name","user_address","user_email","user_phone") VALUES (159,'Kinsley','Roath','7 Delladonna Point','kroath4e@prnewswire.com','534-136-8849');
INSERT INTO "Users" ("user_id","user_first_name","user_last_name","user_address","user_email","user_phone") VALUES (160,'Koenraad','Dudhill','7860 Oxford Trail','kdudhill4f@toplist.cz','260-302-0445');
INSERT INTO "Users" ("user_id","user_first_name","user_last_name","user_address","user_email","user_phone") VALUES (161,'Erhart','Dibble','5096 Kipling Lane','edibble4g@sogou.com','439-191-5265');
INSERT INTO "Users" ("user_id","user_first_name","user_last_name","user_address","user_email","user_phone") VALUES (162,'Lauretta','Conew','84765 Sommers Drive','lconew4h@feedburner.com','225-926-6950');
INSERT INTO "Users" ("user_id","user_first_name","user_last_name","user_address","user_email","user_phone") VALUES (163,'Roderic','Cawthorne','663 Magdeline Alley','rcawthorne4i@desdev.cn','798-221-8258');
INSERT INTO "Users" ("user_id","user_first_name","user_last_name","user_address","user_email","user_phone") VALUES (164,'Ainslee','Emanuelli','404 Graceland Plaza','aemanuelli4j@goo.gl','647-365-1417');
INSERT INTO "Users" ("user_id","user_first_name","user_last_name","user_address","user_email","user_phone") VALUES (165,'Norrie','McKellar','62767 East Center','nmckellar4k@mit.edu','567-335-8753');
INSERT INTO "Users" ("user_id","user_first_name","user_last_name","user_address","user_email","user_phone") VALUES (166,'Brian','Downing','1 Vermont Park','bdowning4l@webeden.co.uk','936-839-8297');
INSERT INTO "Users" ("user_id","user_first_name","user_last_name","user_address","user_email","user_phone") VALUES (167,'Belia','Calken','54245 Warner Way','bcalken4m@spiegel.de','444-183-8467');
INSERT INTO "Users" ("user_id","user_first_name","user_last_name","user_address","user_email","user_phone") VALUES (168,'Irv','Langlands','76 Forster Avenue','ilanglands4n@shop-pro.jp','792-451-9659');
INSERT INTO "Users" ("user_id","user_first_name","user_last_name","user_address","user_email","user_phone") VALUES (169,'Jocelin','Braxton','000 Eggendart Junction','jbraxton4o@dropbox.com','280-282-5743');
INSERT INTO "Users" ("user_id","user_first_name","user_last_name","user_address","user_email","user_phone") VALUES (170,'Olympia','Troctor','0 Straubel Terrace','otroctor4p@mac.com','639-360-1859');
INSERT INTO "Users" ("user_id","user_first_name","user_last_name","user_address","user_email","user_phone") VALUES (171,'Franky','Kittredge','4 Mosinee Trail','fkittredge4q@typepad.com','299-735-2465');
INSERT INTO "Users" ("user_id","user_first_name","user_last_name","user_address","user_email","user_phone") VALUES (172,'Noach','Ulster','8030 Packers Road','nulster4r@flavors.me','179-185-3926');
INSERT INTO "Users" ("user_id","user_first_name","user_last_name","user_address","user_email","user_phone") VALUES (173,'Jakie','Draysay','13 Northland Point','jdraysay4s@cisco.com','275-602-3857');
INSERT INTO "Users" ("user_id","user_first_name","user_last_name","user_address","user_email","user_phone") VALUES (174,'Hazel','Nalder','21353 8th Park','hnalder4t@hugedomains.com','629-427-5571');
INSERT INTO "Users" ("user_id","user_first_name","user_last_name","user_address","user_email","user_phone") VALUES (175,'Davine','Gilhouley','9 Rowland Park','dgilhouley4u@samsung.com','821-174-0621');
INSERT INTO "Users" ("user_id","user_first_name","user_last_name","user_address","user_email","user_phone") VALUES (176,'Lazare','Thurby','43 Boyd Court','lthurby4v@springer.com','435-105-1518');
INSERT INTO "Users" ("user_id","user_first_name","user_last_name","user_address","user_email","user_phone") VALUES (177,'Lexie','Keavy','03947 Drewry Way','lkeavy4w@github.io','509-954-0987');
INSERT INTO "Users" ("user_id","user_first_name","user_last_name","user_address","user_email","user_phone") VALUES (178,'Hillary','Uttley','885 Judy Drive','huttley4x@wikia.com','219-355-9229');
INSERT INTO "Users" ("user_id","user_first_name","user_last_name","user_address","user_email","user_phone") VALUES (179,'Reba','Issacof','188 Judy Place','rissacof4y@ebay.com','150-615-4389');
INSERT INTO "Users" ("user_id","user_first_name","user_last_name","user_address","user_email","user_phone") VALUES (180,'Des','Kiernan','432 School Circle','dkiernan4z@unblog.fr','625-785-4294');
INSERT INTO "Users" ("user_id","user_first_name","user_last_name","user_address","user_email","user_phone") VALUES (181,'Kassie','Chess','702 Ramsey Circle','kchess50@lulu.com','792-117-8268');
INSERT INTO "Users" ("user_id","user_first_name","user_last_name","user_address","user_email","user_phone") VALUES (182,'Domenic','Moine','20903 Weeping Birch Street','dmoine51@army.mil','364-881-9043');
INSERT INTO "Users" ("user_id","user_first_name","user_last_name","user_address","user_email","user_phone") VALUES (183,'Freda','Corrigan','518 Comanche Avenue','fcorrigan52@imdb.com','895-154-1455');
INSERT INTO "Users" ("user_id","user_first_name","user_last_name","user_address","user_email","user_phone") VALUES (184,'Dyna','MacDwyer','26385 Huxley Parkway','dmacdwyer53@arizona.edu','387-321-0660');
INSERT INTO "Users" ("user_id","user_first_name","user_last_name","user_address","user_email","user_phone") VALUES (185,'Maighdiln','Kohnen','497 Hanover Drive','mkohnen54@tripod.com','993-449-3082');
INSERT INTO "Users" ("user_id","user_first_name","user_last_name","user_address","user_email","user_phone") VALUES (186,'Howie','Balasin','283 Lillian Hill','hbalasin55@hhs.gov','606-726-1359');
INSERT INTO "Users" ("user_id","user_first_name","user_last_name","user_address","user_email","user_phone") VALUES (187,'Barnabe','Hatfield','59693 Surrey Court','bhatfield56@answers.com','362-567-7591');
INSERT INTO "Users" ("user_id","user_first_name","user_last_name","user_address","user_email","user_phone") VALUES (188,'Alonso','Korejs','3010 Maple Crossing','akorejs57@pagesperso-orange.fr','445-642-9893');
INSERT INTO "Users" ("user_id","user_first_name","user_last_name","user_address","user_email","user_phone") VALUES (189,'Brnaby','Merry','387 Anniversary Terrace','bmerry58@freewebs.com','595-719-3938');
INSERT INTO "Users" ("user_id","user_first_name","user_last_name","user_address","user_email","user_phone") VALUES (190,'Lulu','Mattia','90 Mesta Center','lmattia59@sun.com','821-959-5344');
INSERT INTO "Users" ("user_id","user_first_name","user_last_name","user_address","user_email","user_phone") VALUES (191,'Melisent','Manchester','9201 Hagan Drive','mmanchester5a@prnewswire.com','468-871-9292');
INSERT INTO "Users" ("user_id","user_first_name","user_last_name","user_address","user_email","user_phone") VALUES (192,'Veradis','Crimes','08 Bunker Hill Court','vcrimes5b@indiatimes.com','284-528-9667');
INSERT INTO "Users" ("user_id","user_first_name","user_last_name","user_address","user_email","user_phone") VALUES (193,'Joletta','Josipovitz','84057 Doe Crossing Park','jjosipovitz5c@theglobeandmail.com','926-467-5415');
INSERT INTO "Users" ("user_id","user_first_name","user_last_name","user_address","user_email","user_phone") VALUES (194,'Lyell','Deeprose','82339 Fair Oaks Park','ldeeprose5d@gizmodo.com','369-654-0350');
INSERT INTO "Users" ("user_id","user_first_name","user_last_name","user_address","user_email","user_phone") VALUES (195,'Domini','Wahner','33845 Mandrake Plaza','dwahner5e@i2i.jp','183-273-9629');
INSERT INTO "Users" ("user_id","user_first_name","user_last_name","user_address","user_email","user_phone") VALUES (196,'Benjamin','Keppel','4510 Fairfield Alley','bkeppel5f@dyndns.org','119-668-9567');
INSERT INTO "Users" ("user_id","user_first_name","user_last_name","user_address","user_email","user_phone") VALUES (197,'Jacenta','Dranfield','9 Upham Circle','jdranfield5g@state.gov','267-281-9386');
INSERT INTO "Users" ("user_id","user_first_name","user_last_name","user_address","user_email","user_phone") VALUES (198,'Mady','Spinige','2 Hoard Road','mspinige5h@sina.com.cn','872-790-3515');
INSERT INTO "Users" ("user_id","user_first_name","user_last_name","user_address","user_email","user_phone") VALUES (199,'Binnie','Kaygill','8849 Manley Point','bkaygill5i@dion.ne.jp','290-694-4933');
INSERT INTO "Users" ("user_id","user_first_name","user_last_name","user_address","user_email","user_phone") VALUES (200,'Jose','Goldingay','6 Bluestem Plaza','jgoldingay5j@ycombinator.com','447-994-6218');
INSERT INTO "CatBreed" ("cat_id","breed_id") VALUES (1,8);
INSERT INTO "CatBreed" ("cat_id","breed_id") VALUES (2,4);
INSERT INTO "CatBreed" ("cat_id","breed_id") VALUES (3,19);
INSERT INTO "CatBreed" ("cat_id","breed_id") VALUES (4,6);
INSERT INTO "CatBreed" ("cat_id","breed_id") VALUES (5,13);
INSERT INTO "CatBreed" ("cat_id","breed_id") VALUES (6,10);
INSERT INTO "CatBreed" ("cat_id","breed_id") VALUES (7,11);
INSERT INTO "CatBreed" ("cat_id","breed_id") VALUES (8,16);
INSERT INTO "CatBreed" ("cat_id","breed_id") VALUES (9,14);
INSERT INTO "CatBreed" ("cat_id","breed_id") VALUES (10,5);
INSERT INTO "CatBreed" ("cat_id","breed_id") VALUES (11,1);
INSERT INTO "CatBreed" ("cat_id","breed_id") VALUES (12,9);
INSERT INTO "CatBreed" ("cat_id","breed_id") VALUES (13,12);
INSERT INTO "CatBreed" ("cat_id","breed_id") VALUES (14,7);
INSERT INTO "CatBreed" ("cat_id","breed_id") VALUES (15,3);
INSERT INTO "CatBreed" ("cat_id","breed_id") VALUES (16,16);
INSERT INTO "CatBreed" ("cat_id","breed_id") VALUES (17,13);
INSERT INTO "CatBreed" ("cat_id","breed_id") VALUES (18,8);
INSERT INTO "CatBreed" ("cat_id","breed_id") VALUES (19,9);
INSERT INTO "CatBreed" ("cat_id","breed_id") VALUES (20,4);
INSERT INTO "CatBreed" ("cat_id","breed_id") VALUES (21,20);
INSERT INTO "CatBreed" ("cat_id","breed_id") VALUES (22,12);
INSERT INTO "CatBreed" ("cat_id","breed_id") VALUES (23,14);
INSERT INTO "CatBreed" ("cat_id","breed_id") VALUES (24,18);
INSERT INTO "CatBreed" ("cat_id","breed_id") VALUES (25,15);
INSERT INTO "CatBreed" ("cat_id","breed_id") VALUES (26,5);
INSERT INTO "CatBreed" ("cat_id","breed_id") VALUES (27,2);
INSERT INTO "CatBreed" ("cat_id","breed_id") VALUES (28,6);
INSERT INTO "CatBreed" ("cat_id","breed_id") VALUES (29,10);
INSERT INTO "CatBreed" ("cat_id","breed_id") VALUES (30,1);
INSERT INTO "CatBreed" ("cat_id","breed_id") VALUES (31,10);
INSERT INTO "CatBreed" ("cat_id","breed_id") VALUES (32,1);
INSERT INTO "CatBreed" ("cat_id","breed_id") VALUES (33,5);
INSERT INTO "CatBreed" ("cat_id","breed_id") VALUES (34,13);
INSERT INTO "CatBreed" ("cat_id","breed_id") VALUES (35,19);
INSERT INTO "CatBreed" ("cat_id","breed_id") VALUES (36,20);
INSERT INTO "CatBreed" ("cat_id","breed_id") VALUES (37,3);
INSERT INTO "CatBreed" ("cat_id","breed_id") VALUES (38,12);
INSERT INTO "CatBreed" ("cat_id","breed_id") VALUES (39,15);
INSERT INTO "CatBreed" ("cat_id","breed_id") VALUES (40,9);
INSERT INTO "CatBreed" ("cat_id","breed_id") VALUES (41,14);
INSERT INTO "CatBreed" ("cat_id","breed_id") VALUES (42,6);
INSERT INTO "CatBreed" ("cat_id","breed_id") VALUES (43,8);
INSERT INTO "CatBreed" ("cat_id","breed_id") VALUES (44,17);
INSERT INTO "CatBreed" ("cat_id","breed_id") VALUES (45,16);
INSERT INTO "CatBreed" ("cat_id","breed_id") VALUES (46,4);
INSERT INTO "CatBreed" ("cat_id","breed_id") VALUES (47,16);
INSERT INTO "CatBreed" ("cat_id","breed_id") VALUES (48,11);
INSERT INTO "CatBreed" ("cat_id","breed_id") VALUES (49,6);
INSERT INTO "CatBreed" ("cat_id","breed_id") VALUES (50,1);
INSERT INTO "CatBreed" ("cat_id","breed_id") VALUES (51,8);
INSERT INTO "CatBreed" ("cat_id","breed_id") VALUES (52,7);
INSERT INTO "CatBreed" ("cat_id","breed_id") VALUES (53,13);
INSERT INTO "CatBreed" ("cat_id","breed_id") VALUES (54,10);
INSERT INTO "CatBreed" ("cat_id","breed_id") VALUES (55,12);
INSERT INTO "CatBreed" ("cat_id","breed_id") VALUES (56,3);
INSERT INTO "CatBreed" ("cat_id","breed_id") VALUES (57,9);
INSERT INTO "CatBreed" ("cat_id","breed_id") VALUES (58,5);
INSERT INTO "CatBreed" ("cat_id","breed_id") VALUES (59,15);
INSERT INTO "CatBreed" ("cat_id","breed_id") VALUES (60,19);
INSERT INTO "CatBreed" ("cat_id","breed_id") VALUES (61,19);
INSERT INTO "CatBreed" ("cat_id","breed_id") VALUES (62,10);
INSERT INTO "CatBreed" ("cat_id","breed_id") VALUES (63,7);
INSERT INTO "CatBreed" ("cat_id","breed_id") VALUES (64,12);
INSERT INTO "CatBreed" ("cat_id","breed_id") VALUES (65,2);
INSERT INTO "CatBreed" ("cat_id","breed_id") VALUES (66,3);
INSERT INTO "CatBreed" ("cat_id","breed_id") VALUES (67,8);
INSERT INTO "CatBreed" ("cat_id","breed_id") VALUES (68,13);
INSERT INTO "CatBreed" ("cat_id","breed_id") VALUES (69,20);
INSERT INTO "CatBreed" ("cat_id","breed_id") VALUES (70,9);
INSERT INTO "CatBreed" ("cat_id","breed_id") VALUES (71,5);
INSERT INTO "CatBreed" ("cat_id","breed_id") VALUES (72,18);
INSERT INTO "CatBreed" ("cat_id","breed_id") VALUES (73,11);
INSERT INTO "CatBreed" ("cat_id","breed_id") VALUES (74,6);
INSERT INTO "CatBreed" ("cat_id","breed_id") VALUES (75,17);
INSERT INTO "CatBreed" ("cat_id","breed_id") VALUES (76,11);
INSERT INTO "CatBreed" ("cat_id","breed_id") VALUES (77,19);
INSERT INTO "CatBreed" ("cat_id","breed_id") VALUES (78,4);
INSERT INTO "CatBreed" ("cat_id","breed_id") VALUES (79,10);
INSERT INTO "CatBreed" ("cat_id","breed_id") VALUES (80,9);
INSERT INTO "CatBreed" ("cat_id","breed_id") VALUES (81,6);
INSERT INTO "CatBreed" ("cat_id","breed_id") VALUES (82,8);
INSERT INTO "CatBreed" ("cat_id","breed_id") VALUES (83,16);
INSERT INTO "CatBreed" ("cat_id","breed_id") VALUES (84,7);
INSERT INTO "CatBreed" ("cat_id","breed_id") VALUES (85,17);
INSERT INTO "CatBreed" ("cat_id","breed_id") VALUES (86,3);
INSERT INTO "CatBreed" ("cat_id","breed_id") VALUES (87,20);
INSERT INTO "CatBreed" ("cat_id","breed_id") VALUES (88,12);
INSERT INTO "CatBreed" ("cat_id","breed_id") VALUES (89,15);
INSERT INTO "CatBreed" ("cat_id","breed_id") VALUES (90,2);
INSERT INTO "CatBreed" ("cat_id","breed_id") VALUES (91,8);
INSERT INTO "CatBreed" ("cat_id","breed_id") VALUES (92,3);
INSERT INTO "CatBreed" ("cat_id","breed_id") VALUES (93,15);
INSERT INTO "CatBreed" ("cat_id","breed_id") VALUES (94,19);
INSERT INTO "CatBreed" ("cat_id","breed_id") VALUES (95,5);
INSERT INTO "CatBreed" ("cat_id","breed_id") VALUES (96,17);
INSERT INTO "CatBreed" ("cat_id","breed_id") VALUES (97,1);
INSERT INTO "CatBreed" ("cat_id","breed_id") VALUES (98,18);
INSERT INTO "CatBreed" ("cat_id","breed_id") VALUES (99,10);
INSERT INTO "CatBreed" ("cat_id","breed_id") VALUES (100,2);
INSERT INTO "CatBreed" ("cat_id","breed_id") VALUES (101,9);
INSERT INTO "CatBreed" ("cat_id","breed_id") VALUES (102,14);
INSERT INTO "CatBreed" ("cat_id","breed_id") VALUES (103,12);
INSERT INTO "CatBreed" ("cat_id","breed_id") VALUES (104,13);
INSERT INTO "CatBreed" ("cat_id","breed_id") VALUES (105,6);
INSERT INTO "CatBreed" ("cat_id","breed_id") VALUES (106,16);
INSERT INTO "CatBreed" ("cat_id","breed_id") VALUES (107,1);
INSERT INTO "CatBreed" ("cat_id","breed_id") VALUES (108,8);
INSERT INTO "CatBreed" ("cat_id","breed_id") VALUES (109,9);
INSERT INTO "CatBreed" ("cat_id","breed_id") VALUES (110,11);
INSERT INTO "CatBreed" ("cat_id","breed_id") VALUES (111,5);
INSERT INTO "CatBreed" ("cat_id","breed_id") VALUES (112,3);
INSERT INTO "CatBreed" ("cat_id","breed_id") VALUES (113,12);
INSERT INTO "CatBreed" ("cat_id","breed_id") VALUES (114,14);
INSERT INTO "CatBreed" ("cat_id","breed_id") VALUES (115,13);
INSERT INTO "CatBreed" ("cat_id","breed_id") VALUES (116,7);
INSERT INTO "CatBreed" ("cat_id","breed_id") VALUES (117,2);
INSERT INTO "CatBreed" ("cat_id","breed_id") VALUES (118,18);
INSERT INTO "CatBreed" ("cat_id","breed_id") VALUES (119,10);
INSERT INTO "CatBreed" ("cat_id","breed_id") VALUES (120,6);
INSERT INTO "CatBreed" ("cat_id","breed_id") VALUES (121,11);
INSERT INTO "CatBreed" ("cat_id","breed_id") VALUES (122,14);
INSERT INTO "CatBreed" ("cat_id","breed_id") VALUES (123,6);
INSERT INTO "CatBreed" ("cat_id","breed_id") VALUES (124,8);
INSERT INTO "CatBreed" ("cat_id","breed_id") VALUES (125,2);
INSERT INTO "CatBreed" ("cat_id","breed_id") VALUES (126,18);
INSERT INTO "CatBreed" ("cat_id","breed_id") VALUES (127,1);
INSERT INTO "CatBreed" ("cat_id","breed_id") VALUES (128,10);
INSERT INTO "CatBreed" ("cat_id","breed_id") VALUES (129,15);
INSERT INTO "CatBreed" ("cat_id","breed_id") VALUES (130,4);
INSERT INTO "CatBreed" ("cat_id","breed_id") VALUES (131,16);
INSERT INTO "CatBreed" ("cat_id","breed_id") VALUES (132,13);
INSERT INTO "CatBreed" ("cat_id","breed_id") VALUES (133,17);
INSERT INTO "CatBreed" ("cat_id","breed_id") VALUES (134,9);
INSERT INTO "CatBreed" ("cat_id","breed_id") VALUES (135,3);
INSERT INTO "CatBreed" ("cat_id","breed_id") VALUES (136,8);
INSERT INTO "CatBreed" ("cat_id","breed_id") VALUES (137,11);
INSERT INTO "CatBreed" ("cat_id","breed_id") VALUES (138,5);
INSERT INTO "CatBreed" ("cat_id","breed_id") VALUES (139,14);
INSERT INTO "CatBreed" ("cat_id","breed_id") VALUES (140,19);
INSERT INTO "CatBreed" ("cat_id","breed_id") VALUES (141,12);
INSERT INTO "CatBreed" ("cat_id","breed_id") VALUES (142,18);
INSERT INTO "CatBreed" ("cat_id","breed_id") VALUES (143,15);
INSERT INTO "CatBreed" ("cat_id","breed_id") VALUES (144,17);
INSERT INTO "CatBreed" ("cat_id","breed_id") VALUES (145,7);
INSERT INTO "CatBreed" ("cat_id","breed_id") VALUES (146,20);
INSERT INTO "CatBreed" ("cat_id","breed_id") VALUES (147,1);
INSERT INTO "CatBreed" ("cat_id","breed_id") VALUES (148,2);
INSERT INTO "CatBreed" ("cat_id","breed_id") VALUES (149,3);
INSERT INTO "CatBreed" ("cat_id","breed_id") VALUES (150,16);
INSERT INTO "CatBreed" ("cat_id","breed_id") VALUES (151,9);
INSERT INTO "CatBreed" ("cat_id","breed_id") VALUES (152,18);
INSERT INTO "CatBreed" ("cat_id","breed_id") VALUES (153,16);
INSERT INTO "CatBreed" ("cat_id","breed_id") VALUES (154,2);
INSERT INTO "CatBreed" ("cat_id","breed_id") VALUES (155,7);
INSERT INTO "CatBreed" ("cat_id","breed_id") VALUES (156,12);
INSERT INTO "CatBreed" ("cat_id","breed_id") VALUES (157,19);
INSERT INTO "CatBreed" ("cat_id","breed_id") VALUES (158,6);
INSERT INTO "CatBreed" ("cat_id","breed_id") VALUES (159,10);
INSERT INTO "CatBreed" ("cat_id","breed_id") VALUES (160,13);
INSERT INTO "CatBreed" ("cat_id","breed_id") VALUES (161,11);
INSERT INTO "CatBreed" ("cat_id","breed_id") VALUES (162,20);
INSERT INTO "CatBreed" ("cat_id","breed_id") VALUES (163,17);
INSERT INTO "CatBreed" ("cat_id","breed_id") VALUES (164,15);
INSERT INTO "CatBreed" ("cat_id","breed_id") VALUES (165,4);
INSERT INTO "CatBreed" ("cat_id","breed_id") VALUES (166,15);
INSERT INTO "CatBreed" ("cat_id","breed_id") VALUES (167,16);
INSERT INTO "CatBreed" ("cat_id","breed_id") VALUES (168,3);
INSERT INTO "CatBreed" ("cat_id","breed_id") VALUES (169,19);
INSERT INTO "CatBreed" ("cat_id","breed_id") VALUES (170,1);
INSERT INTO "CatBreed" ("cat_id","breed_id") VALUES (171,4);
INSERT INTO "CatBreed" ("cat_id","breed_id") VALUES (172,5);
INSERT INTO "CatBreed" ("cat_id","breed_id") VALUES (173,9);
INSERT INTO "CatBreed" ("cat_id","breed_id") VALUES (174,10);
INSERT INTO "CatBreed" ("cat_id","breed_id") VALUES (175,7);
INSERT INTO "CatBreed" ("cat_id","breed_id") VALUES (176,14);
INSERT INTO "CatBreed" ("cat_id","breed_id") VALUES (177,18);
INSERT INTO "CatBreed" ("cat_id","breed_id") VALUES (178,17);
INSERT INTO "CatBreed" ("cat_id","breed_id") VALUES (179,2);
INSERT INTO "CatBreed" ("cat_id","breed_id") VALUES (180,6);
INSERT INTO "CatBreed" ("cat_id","breed_id") VALUES (181,18);
INSERT INTO "CatBreed" ("cat_id","breed_id") VALUES (182,20);
INSERT INTO "CatBreed" ("cat_id","breed_id") VALUES (183,2);
INSERT INTO "CatBreed" ("cat_id","breed_id") VALUES (184,4);
INSERT INTO "CatBreed" ("cat_id","breed_id") VALUES (185,3);
INSERT INTO "CatBreed" ("cat_id","breed_id") VALUES (186,15);
INSERT INTO "CatBreed" ("cat_id","breed_id") VALUES (187,8);
INSERT INTO "CatBreed" ("cat_id","breed_id") VALUES (188,12);
INSERT INTO "CatBreed" ("cat_id","breed_id") VALUES (189,16);
INSERT INTO "CatBreed" ("cat_id","breed_id") VALUES (190,11);
INSERT INTO "CatBreed" ("cat_id","breed_id") VALUES (191,19);
INSERT INTO "CatBreed" ("cat_id","breed_id") VALUES (192,9);
INSERT INTO "CatBreed" ("cat_id","breed_id") VALUES (193,10);
INSERT INTO "CatBreed" ("cat_id","breed_id") VALUES (194,13);
INSERT INTO "CatBreed" ("cat_id","breed_id") VALUES (195,1);
INSERT INTO "CatBreed" ("cat_id","breed_id") VALUES (196,3);
INSERT INTO "CatBreed" ("cat_id","breed_id") VALUES (197,1);
INSERT INTO "CatBreed" ("cat_id","breed_id") VALUES (198,17);
INSERT INTO "CatBreed" ("cat_id","breed_id") VALUES (199,11);
INSERT INTO "CatBreed" ("cat_id","breed_id") VALUES (200,9);
INSERT INTO "CatBreed" ("cat_id","breed_id") VALUES (201,4);
INSERT INTO "CatBreed" ("cat_id","breed_id") VALUES (202,20);
INSERT INTO "CatBreed" ("cat_id","breed_id") VALUES (203,6);
INSERT INTO "CatBreed" ("cat_id","breed_id") VALUES (204,2);
INSERT INTO "CatBreed" ("cat_id","breed_id") VALUES (205,14);
INSERT INTO "CatBreed" ("cat_id","breed_id") VALUES (206,13);
INSERT INTO "CatBreed" ("cat_id","breed_id") VALUES (207,10);
INSERT INTO "CatBreed" ("cat_id","breed_id") VALUES (208,12);
INSERT INTO "CatBreed" ("cat_id","breed_id") VALUES (209,5);
INSERT INTO "CatBreed" ("cat_id","breed_id") VALUES (210,16);
INSERT INTO "CatBreed" ("cat_id","breed_id") VALUES (211,19);
INSERT INTO "CatBreed" ("cat_id","breed_id") VALUES (212,12);
INSERT INTO "CatBreed" ("cat_id","breed_id") VALUES (213,6);
INSERT INTO "CatBreed" ("cat_id","breed_id") VALUES (214,8);
INSERT INTO "CatBreed" ("cat_id","breed_id") VALUES (215,9);
INSERT INTO "CatBreed" ("cat_id","breed_id") VALUES (216,7);
INSERT INTO "CatBreed" ("cat_id","breed_id") VALUES (217,14);
INSERT INTO "CatBreed" ("cat_id","breed_id") VALUES (218,10);
INSERT INTO "CatBreed" ("cat_id","breed_id") VALUES (219,5);
INSERT INTO "CatBreed" ("cat_id","breed_id") VALUES (220,13);
INSERT INTO "CatBreed" ("cat_id","breed_id") VALUES (221,16);
INSERT INTO "CatBreed" ("cat_id","breed_id") VALUES (222,1);
INSERT INTO "CatBreed" ("cat_id","breed_id") VALUES (223,2);
INSERT INTO "CatBreed" ("cat_id","breed_id") VALUES (224,18);
INSERT INTO "CatBreed" ("cat_id","breed_id") VALUES (225,17);
INSERT INTO "CatBreed" ("cat_id","breed_id") VALUES (226,18);
INSERT INTO "CatBreed" ("cat_id","breed_id") VALUES (227,13);
INSERT INTO "CatBreed" ("cat_id","breed_id") VALUES (228,17);
INSERT INTO "CatBreed" ("cat_id","breed_id") VALUES (229,16);
INSERT INTO "CatBreed" ("cat_id","breed_id") VALUES (230,9);
INSERT INTO "CatBreed" ("cat_id","breed_id") VALUES (231,1);
INSERT INTO "CatBreed" ("cat_id","breed_id") VALUES (232,19);
INSERT INTO "CatBreed" ("cat_id","breed_id") VALUES (233,10);
INSERT INTO "CatBreed" ("cat_id","breed_id") VALUES (234,12);
INSERT INTO "CatBreed" ("cat_id","breed_id") VALUES (235,15);
INSERT INTO "CatBreed" ("cat_id","breed_id") VALUES (236,7);
INSERT INTO "CatBreed" ("cat_id","breed_id") VALUES (237,2);
INSERT INTO "CatBreed" ("cat_id","breed_id") VALUES (238,5);
INSERT INTO "CatBreed" ("cat_id","breed_id") VALUES (239,6);
INSERT INTO "CatBreed" ("cat_id","breed_id") VALUES (240,8);
INSERT INTO "CatBreed" ("cat_id","breed_id") VALUES (241,3);
INSERT INTO "CatBreed" ("cat_id","breed_id") VALUES (242,1);
INSERT INTO "CatBreed" ("cat_id","breed_id") VALUES (243,4);
INSERT INTO "CatBreed" ("cat_id","breed_id") VALUES (244,6);
INSERT INTO "CatBreed" ("cat_id","breed_id") VALUES (245,12);
INSERT INTO "CatBreed" ("cat_id","breed_id") VALUES (246,5);
INSERT INTO "CatBreed" ("cat_id","breed_id") VALUES (247,11);
INSERT INTO "CatBreed" ("cat_id","breed_id") VALUES (248,18);
INSERT INTO "CatBreed" ("cat_id","breed_id") VALUES (249,14);
INSERT INTO "CatBreed" ("cat_id","breed_id") VALUES (250,8);
INSERT INTO "CatBreed" ("cat_id","breed_id") VALUES (251,9);
INSERT INTO "CatBreed" ("cat_id","breed_id") VALUES (252,16);
INSERT INTO "CatBreed" ("cat_id","breed_id") VALUES (253,7);
INSERT INTO "CatBreed" ("cat_id","breed_id") VALUES (254,10);
INSERT INTO "CatBreed" ("cat_id","breed_id") VALUES (255,15);
INSERT INTO "CatBreed" ("cat_id","breed_id") VALUES (256,15);
INSERT INTO "CatBreed" ("cat_id","breed_id") VALUES (257,13);
INSERT INTO "CatBreed" ("cat_id","breed_id") VALUES (258,12);
INSERT INTO "CatBreed" ("cat_id","breed_id") VALUES (259,14);
INSERT INTO "CatBreed" ("cat_id","breed_id") VALUES (260,19);
INSERT INTO "CatBreed" ("cat_id","breed_id") VALUES (261,17);
INSERT INTO "CatBreed" ("cat_id","breed_id") VALUES (262,10);
INSERT INTO "CatBreed" ("cat_id","breed_id") VALUES (263,3);
INSERT INTO "CatBreed" ("cat_id","breed_id") VALUES (264,4);
INSERT INTO "CatBreed" ("cat_id","breed_id") VALUES (265,20);
INSERT INTO "CatBreed" ("cat_id","breed_id") VALUES (266,6);
INSERT INTO "CatBreed" ("cat_id","breed_id") VALUES (267,9);
INSERT INTO "CatBreed" ("cat_id","breed_id") VALUES (268,11);
INSERT INTO "CatBreed" ("cat_id","breed_id") VALUES (269,18);
INSERT INTO "CatBreed" ("cat_id","breed_id") VALUES (270,1);
INSERT INTO "CatBreed" ("cat_id","breed_id") VALUES (271,15);
INSERT INTO "CatBreed" ("cat_id","breed_id") VALUES (272,1);
INSERT INTO "CatBreed" ("cat_id","breed_id") VALUES (273,14);
INSERT INTO "CatBreed" ("cat_id","breed_id") VALUES (274,18);
INSERT INTO "CatBreed" ("cat_id","breed_id") VALUES (275,9);
INSERT INTO "CatBreed" ("cat_id","breed_id") VALUES (276,4);
INSERT INTO "CatBreed" ("cat_id","breed_id") VALUES (277,16);
INSERT INTO "CatBreed" ("cat_id","breed_id") VALUES (278,17);
INSERT INTO "CatBreed" ("cat_id","breed_id") VALUES (279,19);
INSERT INTO "CatBreed" ("cat_id","breed_id") VALUES (280,20);
INSERT INTO "CatBreed" ("cat_id","breed_id") VALUES (281,7);
INSERT INTO "CatBreed" ("cat_id","breed_id") VALUES (282,6);
INSERT INTO "CatBreed" ("cat_id","breed_id") VALUES (283,11);
INSERT INTO "CatBreed" ("cat_id","breed_id") VALUES (284,10);
INSERT INTO "CatBreed" ("cat_id","breed_id") VALUES (285,3);
INSERT INTO "CatBreed" ("cat_id","breed_id") VALUES (286,16);
INSERT INTO "CatBreed" ("cat_id","breed_id") VALUES (287,4);
INSERT INTO "CatBreed" ("cat_id","breed_id") VALUES (288,15);
INSERT INTO "CatBreed" ("cat_id","breed_id") VALUES (289,12);
INSERT INTO "CatBreed" ("cat_id","breed_id") VALUES (290,19);
INSERT INTO "CatBreed" ("cat_id","breed_id") VALUES (291,20);
INSERT INTO "CatBreed" ("cat_id","breed_id") VALUES (292,13);
INSERT INTO "CatBreed" ("cat_id","breed_id") VALUES (293,9);
INSERT INTO "CatBreed" ("cat_id","breed_id") VALUES (294,8);
INSERT INTO "CatBreed" ("cat_id","breed_id") VALUES (295,14);
INSERT INTO "CatBreed" ("cat_id","breed_id") VALUES (296,3);
INSERT INTO "CatBreed" ("cat_id","breed_id") VALUES (297,2);
INSERT INTO "CatBreed" ("cat_id","breed_id") VALUES (298,10);
INSERT INTO "CatBreed" ("cat_id","breed_id") VALUES (299,5);
INSERT INTO "CatBreed" ("cat_id","breed_id") VALUES (300,6);
INSERT INTO "CatBreed" ("cat_id","breed_id") VALUES (301,6);
INSERT INTO "CatBreed" ("cat_id","breed_id") VALUES (302,7);
INSERT INTO "CatBreed" ("cat_id","breed_id") VALUES (303,5);
INSERT INTO "CatBreed" ("cat_id","breed_id") VALUES (304,11);
INSERT INTO "CatBreed" ("cat_id","breed_id") VALUES (305,15);
INSERT INTO "CatBreed" ("cat_id","breed_id") VALUES (306,18);
INSERT INTO "CatBreed" ("cat_id","breed_id") VALUES (307,10);
INSERT INTO "CatBreed" ("cat_id","breed_id") VALUES (308,9);
INSERT INTO "CatBreed" ("cat_id","breed_id") VALUES (309,19);
INSERT INTO "CatBreed" ("cat_id","breed_id") VALUES (310,3);
INSERT INTO "CatBreed" ("cat_id","breed_id") VALUES (311,8);
INSERT INTO "CatBreed" ("cat_id","breed_id") VALUES (312,16);
INSERT INTO "CatBreed" ("cat_id","breed_id") VALUES (313,2);
INSERT INTO "CatBreed" ("cat_id","breed_id") VALUES (314,4);
INSERT INTO "CatBreed" ("cat_id","breed_id") VALUES (315,12);
INSERT INTO "CatBreed" ("cat_id","breed_id") VALUES (316,10);
INSERT INTO "CatBreed" ("cat_id","breed_id") VALUES (317,2);
INSERT INTO "CatBreed" ("cat_id","breed_id") VALUES (318,4);
INSERT INTO "CatBreed" ("cat_id","breed_id") VALUES (319,3);
INSERT INTO "CatBreed" ("cat_id","breed_id") VALUES (320,13);
INSERT INTO "CatBreed" ("cat_id","breed_id") VALUES (321,5);
INSERT INTO "CatBreed" ("cat_id","breed_id") VALUES (322,18);
INSERT INTO "CatBreed" ("cat_id","breed_id") VALUES (323,7);
INSERT INTO "CatBreed" ("cat_id","breed_id") VALUES (324,9);
INSERT INTO "CatBreed" ("cat_id","breed_id") VALUES (325,19);
INSERT INTO "CatBreed" ("cat_id","breed_id") VALUES (326,12);
INSERT INTO "CatBreed" ("cat_id","breed_id") VALUES (327,16);
INSERT INTO "CatBreed" ("cat_id","breed_id") VALUES (328,6);
INSERT INTO "CatBreed" ("cat_id","breed_id") VALUES (329,17);
INSERT INTO "CatBreed" ("cat_id","breed_id") VALUES (330,15);
INSERT INTO "CatBreed" ("cat_id","breed_id") VALUES (331,13);
INSERT INTO "CatBreed" ("cat_id","breed_id") VALUES (332,7);
INSERT INTO "CatBreed" ("cat_id","breed_id") VALUES (333,17);
INSERT INTO "CatBreed" ("cat_id","breed_id") VALUES (334,5);
INSERT INTO "CatBreed" ("cat_id","breed_id") VALUES (335,15);
INSERT INTO "CatBreed" ("cat_id","breed_id") VALUES (336,4);
INSERT INTO "CatBreed" ("cat_id","breed_id") VALUES (337,12);
INSERT INTO "CatBreed" ("cat_id","breed_id") VALUES (338,6);
INSERT INTO "CatBreed" ("cat_id","breed_id") VALUES (339,3);
INSERT INTO "CatBreed" ("cat_id","breed_id") VALUES (340,10);
INSERT INTO "CatBreed" ("cat_id","breed_id") VALUES (341,16);
INSERT INTO "CatBreed" ("cat_id","breed_id") VALUES (342,19);
INSERT INTO "CatBreed" ("cat_id","breed_id") VALUES (343,8);
INSERT INTO "CatBreed" ("cat_id","breed_id") VALUES (344,9);
INSERT INTO "CatBreed" ("cat_id","breed_id") VALUES (345,18);
INSERT INTO "CatBreed" ("cat_id","breed_id") VALUES (346,10);
INSERT INTO "CatBreed" ("cat_id","breed_id") VALUES (347,7);
INSERT INTO "CatBreed" ("cat_id","breed_id") VALUES (348,3);
INSERT INTO "CatBreed" ("cat_id","breed_id") VALUES (349,8);
INSERT INTO "CatBreed" ("cat_id","breed_id") VALUES (350,20);
INSERT INTO "CatBreed" ("cat_id","breed_id") VALUES (351,9);
INSERT INTO "CatBreed" ("cat_id","breed_id") VALUES (352,15);
INSERT INTO "CatBreed" ("cat_id","breed_id") VALUES (353,5);
INSERT INTO "CatBreed" ("cat_id","breed_id") VALUES (354,16);
INSERT INTO "CatBreed" ("cat_id","breed_id") VALUES (355,6);
INSERT INTO "CatBreed" ("cat_id","breed_id") VALUES (356,17);
INSERT INTO "CatBreed" ("cat_id","breed_id") VALUES (357,4);
INSERT INTO "CatBreed" ("cat_id","breed_id") VALUES (358,13);
INSERT INTO "CatBreed" ("cat_id","breed_id") VALUES (359,11);
INSERT INTO "CatBreed" ("cat_id","breed_id") VALUES (360,1);
INSERT INTO "CatBreed" ("cat_id","breed_id") VALUES (361,3);
INSERT INTO "CatBreed" ("cat_id","breed_id") VALUES (362,10);
INSERT INTO "CatBreed" ("cat_id","breed_id") VALUES (363,6);
INSERT INTO "CatBreed" ("cat_id","breed_id") VALUES (364,12);
INSERT INTO "CatBreed" ("cat_id","breed_id") VALUES (365,11);
INSERT INTO "CatBreed" ("cat_id","breed_id") VALUES (366,5);
INSERT INTO "CatBreed" ("cat_id","breed_id") VALUES (367,17);
INSERT INTO "CatBreed" ("cat_id","breed_id") VALUES (368,19);
INSERT INTO "CatBreed" ("cat_id","breed_id") VALUES (369,9);
INSERT INTO "CatBreed" ("cat_id","breed_id") VALUES (370,4);
INSERT INTO "CatBreed" ("cat_id","breed_id") VALUES (371,15);
INSERT INTO "CatBreed" ("cat_id","breed_id") VALUES (372,14);
INSERT INTO "CatBreed" ("cat_id","breed_id") VALUES (373,1);
INSERT INTO "CatBreed" ("cat_id","breed_id") VALUES (374,18);
INSERT INTO "CatBreed" ("cat_id","breed_id") VALUES (375,13);
INSERT INTO "CatBreed" ("cat_id","breed_id") VALUES (376,15);
INSERT INTO "CatBreed" ("cat_id","breed_id") VALUES (377,7);
INSERT INTO "CatBreed" ("cat_id","breed_id") VALUES (378,20);
INSERT INTO "CatBreed" ("cat_id","breed_id") VALUES (379,8);
INSERT INTO "CatBreed" ("cat_id","breed_id") VALUES (380,2);
INSERT INTO "CatBreed" ("cat_id","breed_id") VALUES (381,3);
INSERT INTO "CatBreed" ("cat_id","breed_id") VALUES (382,1);
INSERT INTO "CatBreed" ("cat_id","breed_id") VALUES (383,14);
INSERT INTO "CatBreed" ("cat_id","breed_id") VALUES (384,6);
INSERT INTO "CatBreed" ("cat_id","breed_id") VALUES (385,11);
INSERT INTO "CatBreed" ("cat_id","breed_id") VALUES (386,9);
INSERT INTO "CatBreed" ("cat_id","breed_id") VALUES (387,12);
INSERT INTO "CatBreed" ("cat_id","breed_id") VALUES (388,13);
INSERT INTO "CatBreed" ("cat_id","breed_id") VALUES (389,19);
INSERT INTO "CatBreed" ("cat_id","breed_id") VALUES (390,5);
INSERT INTO "CatBreed" ("cat_id","breed_id") VALUES (391,7);
INSERT INTO "CatBreed" ("cat_id","breed_id") VALUES (392,3);
INSERT INTO "CatBreed" ("cat_id","breed_id") VALUES (393,13);
INSERT INTO "CatBreed" ("cat_id","breed_id") VALUES (394,9);
INSERT INTO "CatBreed" ("cat_id","breed_id") VALUES (395,19);
INSERT INTO "CatBreed" ("cat_id","breed_id") VALUES (396,18);
INSERT INTO "CatBreed" ("cat_id","breed_id") VALUES (397,4);
INSERT INTO "CatBreed" ("cat_id","breed_id") VALUES (398,2);
INSERT INTO "CatBreed" ("cat_id","breed_id") VALUES (399,1);
INSERT INTO "CatBreed" ("cat_id","breed_id") VALUES (400,5);
INSERT INTO "CatBreed" ("cat_id","breed_id") VALUES (401,17);
INSERT INTO "CatBreed" ("cat_id","breed_id") VALUES (402,15);
INSERT INTO "CatBreed" ("cat_id","breed_id") VALUES (403,20);
INSERT INTO "CatBreed" ("cat_id","breed_id") VALUES (404,11);
INSERT INTO "CatBreed" ("cat_id","breed_id") VALUES (405,12);
INSERT INTO "CatBreed" ("cat_id","breed_id") VALUES (406,7);
INSERT INTO "CatBreed" ("cat_id","breed_id") VALUES (407,4);
INSERT INTO "CatBreed" ("cat_id","breed_id") VALUES (408,9);
INSERT INTO "CatBreed" ("cat_id","breed_id") VALUES (409,8);
INSERT INTO "CatBreed" ("cat_id","breed_id") VALUES (410,17);
INSERT INTO "CatBreed" ("cat_id","breed_id") VALUES (411,14);
INSERT INTO "CatBreed" ("cat_id","breed_id") VALUES (412,19);
INSERT INTO "CatBreed" ("cat_id","breed_id") VALUES (413,13);
INSERT INTO "CatBreed" ("cat_id","breed_id") VALUES (414,16);
INSERT INTO "CatBreed" ("cat_id","breed_id") VALUES (415,10);
INSERT INTO "CatBreed" ("cat_id","breed_id") VALUES (416,18);
INSERT INTO "CatBreed" ("cat_id","breed_id") VALUES (417,6);
INSERT INTO "CatBreed" ("cat_id","breed_id") VALUES (418,12);
INSERT INTO "CatBreed" ("cat_id","breed_id") VALUES (419,11);
INSERT INTO "CatBreed" ("cat_id","breed_id") VALUES (420,5);
INSERT INTO "CatBreed" ("cat_id","breed_id") VALUES (421,18);
INSERT INTO "CatBreed" ("cat_id","breed_id") VALUES (422,1);
INSERT INTO "CatBreed" ("cat_id","breed_id") VALUES (423,10);
INSERT INTO "CatBreed" ("cat_id","breed_id") VALUES (424,15);
INSERT INTO "CatBreed" ("cat_id","breed_id") VALUES (425,14);
INSERT INTO "CatBreed" ("cat_id","breed_id") VALUES (426,4);
INSERT INTO "CatBreed" ("cat_id","breed_id") VALUES (427,12);
INSERT INTO "CatBreed" ("cat_id","breed_id") VALUES (428,19);
INSERT INTO "CatBreed" ("cat_id","breed_id") VALUES (429,5);
INSERT INTO "CatBreed" ("cat_id","breed_id") VALUES (430,13);
INSERT INTO "CatBreed" ("cat_id","breed_id") VALUES (431,9);
INSERT INTO "CatBreed" ("cat_id","breed_id") VALUES (432,11);
INSERT INTO "CatBreed" ("cat_id","breed_id") VALUES (433,3);
INSERT INTO "CatBreed" ("cat_id","breed_id") VALUES (434,17);
INSERT INTO "CatBreed" ("cat_id","breed_id") VALUES (435,16);
INSERT INTO "CatBreed" ("cat_id","breed_id") VALUES (436,8);
INSERT INTO "CatBreed" ("cat_id","breed_id") VALUES (437,4);
INSERT INTO "CatBreed" ("cat_id","breed_id") VALUES (438,11);
INSERT INTO "CatBreed" ("cat_id","breed_id") VALUES (439,9);
INSERT INTO "CatBreed" ("cat_id","breed_id") VALUES (440,14);
INSERT INTO "CatBreed" ("cat_id","breed_id") VALUES (441,3);
INSERT INTO "CatBreed" ("cat_id","breed_id") VALUES (442,15);
INSERT INTO "CatBreed" ("cat_id","breed_id") VALUES (443,19);
INSERT INTO "CatBreed" ("cat_id","breed_id") VALUES (444,1);
INSERT INTO "CatBreed" ("cat_id","breed_id") VALUES (445,5);
INSERT INTO "CatBreed" ("cat_id","breed_id") VALUES (446,16);
INSERT INTO "CatBreed" ("cat_id","breed_id") VALUES (447,6);
INSERT INTO "CatBreed" ("cat_id","breed_id") VALUES (448,18);
INSERT INTO "CatBreed" ("cat_id","breed_id") VALUES (449,12);
INSERT INTO "CatBreed" ("cat_id","breed_id") VALUES (450,17);
INSERT INTO "CatBreed" ("cat_id","breed_id") VALUES (451,9);
INSERT INTO "CatBreed" ("cat_id","breed_id") VALUES (452,18);
INSERT INTO "CatBreed" ("cat_id","breed_id") VALUES (453,5);
INSERT INTO "CatBreed" ("cat_id","breed_id") VALUES (454,4);
INSERT INTO "CatBreed" ("cat_id","breed_id") VALUES (455,3);
INSERT INTO "CatBreed" ("cat_id","breed_id") VALUES (456,14);
INSERT INTO "CatBreed" ("cat_id","breed_id") VALUES (457,11);
INSERT INTO "CatBreed" ("cat_id","breed_id") VALUES (458,8);
INSERT INTO "CatBreed" ("cat_id","breed_id") VALUES (459,16);
INSERT INTO "CatBreed" ("cat_id","breed_id") VALUES (460,19);
INSERT INTO "CatBreed" ("cat_id","breed_id") VALUES (461,6);
INSERT INTO "CatBreed" ("cat_id","breed_id") VALUES (462,10);
INSERT INTO "CatBreed" ("cat_id","breed_id") VALUES (463,7);
INSERT INTO "CatBreed" ("cat_id","breed_id") VALUES (464,20);
INSERT INTO "CatBreed" ("cat_id","breed_id") VALUES (465,1);
INSERT INTO "CatBreed" ("cat_id","breed_id") VALUES (466,12);
INSERT INTO "CatBreed" ("cat_id","breed_id") VALUES (467,4);
INSERT INTO "CatBreed" ("cat_id","breed_id") VALUES (468,7);
INSERT INTO "CatBreed" ("cat_id","breed_id") VALUES (469,16);
INSERT INTO "CatBreed" ("cat_id","breed_id") VALUES (470,15);
INSERT INTO "CatBreed" ("cat_id","breed_id") VALUES (471,9);
INSERT INTO "CatBreed" ("cat_id","breed_id") VALUES (472,20);
INSERT INTO "CatBreed" ("cat_id","breed_id") VALUES (473,6);
INSERT INTO "CatBreed" ("cat_id","breed_id") VALUES (474,14);
INSERT INTO "CatBreed" ("cat_id","breed_id") VALUES (475,5);
INSERT INTO "CatBreed" ("cat_id","breed_id") VALUES (476,1);
INSERT INTO "CatBreed" ("cat_id","breed_id") VALUES (477,3);
INSERT INTO "CatBreed" ("cat_id","breed_id") VALUES (478,2);
INSERT INTO "CatBreed" ("cat_id","breed_id") VALUES (479,19);
INSERT INTO "CatBreed" ("cat_id","breed_id") VALUES (480,17);
INSERT INTO "CatBreed" ("cat_id","breed_id") VALUES (481,13);
INSERT INTO "CatBreed" ("cat_id","breed_id") VALUES (482,10);
INSERT INTO "CatBreed" ("cat_id","breed_id") VALUES (483,18);
INSERT INTO "CatBreed" ("cat_id","breed_id") VALUES (484,11);
INSERT INTO "CatBreed" ("cat_id","breed_id") VALUES (485,8);
INSERT INTO "CatBreed" ("cat_id","breed_id") VALUES (486,15);
INSERT INTO "CatBreed" ("cat_id","breed_id") VALUES (487,9);
INSERT INTO "CatBreed" ("cat_id","breed_id") VALUES (488,19);
INSERT INTO "CatBreed" ("cat_id","breed_id") VALUES (489,18);
INSERT INTO "CatBreed" ("cat_id","breed_id") VALUES (490,5);
INSERT INTO "CatBreed" ("cat_id","breed_id") VALUES (491,1);
INSERT INTO "CatBreed" ("cat_id","breed_id") VALUES (492,4);
INSERT INTO "CatBreed" ("cat_id","breed_id") VALUES (493,13);
INSERT INTO "CatBreed" ("cat_id","breed_id") VALUES (494,8);
INSERT INTO "CatBreed" ("cat_id","breed_id") VALUES (495,17);
INSERT INTO "CatBreed" ("cat_id","breed_id") VALUES (496,14);
INSERT INTO "CatBreed" ("cat_id","breed_id") VALUES (497,7);
INSERT INTO "CatBreed" ("cat_id","breed_id") VALUES (498,3);
INSERT INTO "CatBreed" ("cat_id","breed_id") VALUES (499,11);
INSERT INTO "CatBreed" ("cat_id","breed_id") VALUES (500,2);
INSERT INTO "CatPersonality" ("cat_id","personality_id") VALUES (1,17);
INSERT INTO "CatPersonality" ("cat_id","personality_id") VALUES (2,10);
INSERT INTO "CatPersonality" ("cat_id","personality_id") VALUES (3,3);
INSERT INTO "CatPersonality" ("cat_id","personality_id") VALUES (4,9);
INSERT INTO "CatPersonality" ("cat_id","personality_id") VALUES (5,12);
INSERT INTO "CatPersonality" ("cat_id","personality_id") VALUES (6,20);
INSERT INTO "CatPersonality" ("cat_id","personality_id") VALUES (7,15);
INSERT INTO "CatPersonality" ("cat_id","personality_id") VALUES (8,18);
INSERT INTO "CatPersonality" ("cat_id","personality_id") VALUES (9,5);
INSERT INTO "CatPersonality" ("cat_id","personality_id") VALUES (10,7);
INSERT INTO "CatPersonality" ("cat_id","personality_id") VALUES (11,13);
INSERT INTO "CatPersonality" ("cat_id","personality_id") VALUES (12,1);
INSERT INTO "CatPersonality" ("cat_id","personality_id") VALUES (13,11);
INSERT INTO "CatPersonality" ("cat_id","personality_id") VALUES (14,4);
INSERT INTO "CatPersonality" ("cat_id","personality_id") VALUES (15,8);
INSERT INTO "CatPersonality" ("cat_id","personality_id") VALUES (16,18);
INSERT INTO "CatPersonality" ("cat_id","personality_id") VALUES (17,13);
INSERT INTO "CatPersonality" ("cat_id","personality_id") VALUES (18,10);
INSERT INTO "CatPersonality" ("cat_id","personality_id") VALUES (19,15);
INSERT INTO "CatPersonality" ("cat_id","personality_id") VALUES (20,20);
INSERT INTO "CatPersonality" ("cat_id","personality_id") VALUES (21,17);
INSERT INTO "CatPersonality" ("cat_id","personality_id") VALUES (22,14);
INSERT INTO "CatPersonality" ("cat_id","personality_id") VALUES (23,2);
INSERT INTO "CatPersonality" ("cat_id","personality_id") VALUES (24,16);
INSERT INTO "CatPersonality" ("cat_id","personality_id") VALUES (25,19);
INSERT INTO "CatPersonality" ("cat_id","personality_id") VALUES (26,11);
INSERT INTO "CatPersonality" ("cat_id","personality_id") VALUES (27,1);
INSERT INTO "CatPersonality" ("cat_id","personality_id") VALUES (28,12);
INSERT INTO "CatPersonality" ("cat_id","personality_id") VALUES (29,8);
INSERT INTO "CatPersonality" ("cat_id","personality_id") VALUES (30,5);
INSERT INTO "CatPersonality" ("cat_id","personality_id") VALUES (31,17);
INSERT INTO "CatPersonality" ("cat_id","personality_id") VALUES (32,13);
INSERT INTO "CatPersonality" ("cat_id","personality_id") VALUES (33,1);
INSERT INTO "CatPersonality" ("cat_id","personality_id") VALUES (34,6);
INSERT INTO "CatPersonality" ("cat_id","personality_id") VALUES (35,7);
INSERT INTO "CatPersonality" ("cat_id","personality_id") VALUES (36,19);
INSERT INTO "CatPersonality" ("cat_id","personality_id") VALUES (37,3);
INSERT INTO "CatPersonality" ("cat_id","personality_id") VALUES (38,20);
INSERT INTO "CatPersonality" ("cat_id","personality_id") VALUES (39,8);
INSERT INTO "CatPersonality" ("cat_id","personality_id") VALUES (40,12);
INSERT INTO "CatPersonality" ("cat_id","personality_id") VALUES (41,10);
INSERT INTO "CatPersonality" ("cat_id","personality_id") VALUES (42,18);
INSERT INTO "CatPersonality" ("cat_id","personality_id") VALUES (43,2);
INSERT INTO "CatPersonality" ("cat_id","personality_id") VALUES (44,11);
INSERT INTO "CatPersonality" ("cat_id","personality_id") VALUES (45,9);
INSERT INTO "CatPersonality" ("cat_id","personality_id") VALUES (46,10);
INSERT INTO "CatPersonality" ("cat_id","personality_id") VALUES (47,18);
INSERT INTO "CatPersonality" ("cat_id","personality_id") VALUES (48,9);
INSERT INTO "CatPersonality" ("cat_id","personality_id") VALUES (49,2);
INSERT INTO "CatPersonality" ("cat_id","personality_id") VALUES (50,19);
INSERT INTO "CatPersonality" ("cat_id","personality_id") VALUES (51,8);
INSERT INTO "CatPersonality" ("cat_id","personality_id") VALUES (52,12);
INSERT INTO "CatPersonality" ("cat_id","personality_id") VALUES (53,15);
INSERT INTO "CatPersonality" ("cat_id","personality_id") VALUES (54,17);
INSERT INTO "CatPersonality" ("cat_id","personality_id") VALUES (55,6);
INSERT INTO "CatPersonality" ("cat_id","personality_id") VALUES (56,13);
INSERT INTO "CatPersonality" ("cat_id","personality_id") VALUES (57,4);
INSERT INTO "CatPersonality" ("cat_id","personality_id") VALUES (58,16);
INSERT INTO "CatPersonality" ("cat_id","personality_id") VALUES (59,20);
INSERT INTO "CatPersonality" ("cat_id","personality_id") VALUES (60,11);
INSERT INTO "CatPersonality" ("cat_id","personality_id") VALUES (61,9);
INSERT INTO "CatPersonality" ("cat_id","personality_id") VALUES (62,14);
INSERT INTO "CatPersonality" ("cat_id","personality_id") VALUES (63,1);
INSERT INTO "CatPersonality" ("cat_id","personality_id") VALUES (64,11);
INSERT INTO "CatPersonality" ("cat_id","personality_id") VALUES (65,10);
INSERT INTO "CatPersonality" ("cat_id","personality_id") VALUES (66,7);
INSERT INTO "CatPersonality" ("cat_id","personality_id") VALUES (67,18);
INSERT INTO "CatPersonality" ("cat_id","personality_id") VALUES (68,16);
INSERT INTO "CatPersonality" ("cat_id","personality_id") VALUES (69,12);
INSERT INTO "CatPersonality" ("cat_id","personality_id") VALUES (70,2);
INSERT INTO "CatPersonality" ("cat_id","personality_id") VALUES (71,15);
INSERT INTO "CatPersonality" ("cat_id","personality_id") VALUES (72,13);
INSERT INTO "CatPersonality" ("cat_id","personality_id") VALUES (73,3);
INSERT INTO "CatPersonality" ("cat_id","personality_id") VALUES (74,19);
INSERT INTO "CatPersonality" ("cat_id","personality_id") VALUES (75,17);
INSERT INTO "CatPersonality" ("cat_id","personality_id") VALUES (76,7);
INSERT INTO "CatPersonality" ("cat_id","personality_id") VALUES (77,8);
INSERT INTO "CatPersonality" ("cat_id","personality_id") VALUES (78,4);
INSERT INTO "CatPersonality" ("cat_id","personality_id") VALUES (79,10);
INSERT INTO "CatPersonality" ("cat_id","personality_id") VALUES (80,19);
INSERT INTO "CatPersonality" ("cat_id","personality_id") VALUES (81,15);
INSERT INTO "CatPersonality" ("cat_id","personality_id") VALUES (82,5);
INSERT INTO "CatPersonality" ("cat_id","personality_id") VALUES (83,13);
INSERT INTO "CatPersonality" ("cat_id","personality_id") VALUES (84,17);
INSERT INTO "CatPersonality" ("cat_id","personality_id") VALUES (85,18);
INSERT INTO "CatPersonality" ("cat_id","personality_id") VALUES (86,14);
INSERT INTO "CatPersonality" ("cat_id","personality_id") VALUES (87,11);
INSERT INTO "CatPersonality" ("cat_id","personality_id") VALUES (88,20);
INSERT INTO "CatPersonality" ("cat_id","personality_id") VALUES (89,2);
INSERT INTO "CatPersonality" ("cat_id","personality_id") VALUES (90,3);
INSERT INTO "CatPersonality" ("cat_id","personality_id") VALUES (91,7);
INSERT INTO "CatPersonality" ("cat_id","personality_id") VALUES (92,19);
INSERT INTO "CatPersonality" ("cat_id","personality_id") VALUES (93,1);
INSERT INTO "CatPersonality" ("cat_id","personality_id") VALUES (94,5);
INSERT INTO "CatPersonality" ("cat_id","personality_id") VALUES (95,12);
INSERT INTO "CatPersonality" ("cat_id","personality_id") VALUES (96,15);
INSERT INTO "CatPersonality" ("cat_id","personality_id") VALUES (97,10);
INSERT INTO "CatPersonality" ("cat_id","personality_id") VALUES (98,3);
INSERT INTO "CatPersonality" ("cat_id","personality_id") VALUES (99,13);
INSERT INTO "CatPersonality" ("cat_id","personality_id") VALUES (100,17);
INSERT INTO "CatPersonality" ("cat_id","personality_id") VALUES (101,11);
INSERT INTO "CatPersonality" ("cat_id","personality_id") VALUES (102,14);
INSERT INTO "CatPersonality" ("cat_id","personality_id") VALUES (103,2);
INSERT INTO "CatPersonality" ("cat_id","personality_id") VALUES (104,6);
INSERT INTO "CatPersonality" ("cat_id","personality_id") VALUES (105,18);
INSERT INTO "CatPersonality" ("cat_id","personality_id") VALUES (106,14);
INSERT INTO "CatPersonality" ("cat_id","personality_id") VALUES (107,7);
INSERT INTO "CatPersonality" ("cat_id","personality_id") VALUES (108,20);
INSERT INTO "CatPersonality" ("cat_id","personality_id") VALUES (109,11);
INSERT INTO "CatPersonality" ("cat_id","personality_id") VALUES (110,8);
INSERT INTO "CatPersonality" ("cat_id","personality_id") VALUES (111,13);
INSERT INTO "CatPersonality" ("cat_id","personality_id") VALUES (112,18);
INSERT INTO "CatPersonality" ("cat_id","personality_id") VALUES (113,2);
INSERT INTO "CatPersonality" ("cat_id","personality_id") VALUES (114,4);
INSERT INTO "CatPersonality" ("cat_id","personality_id") VALUES (115,6);
INSERT INTO "CatPersonality" ("cat_id","personality_id") VALUES (116,12);
INSERT INTO "CatPersonality" ("cat_id","personality_id") VALUES (117,10);
INSERT INTO "CatPersonality" ("cat_id","personality_id") VALUES (118,9);
INSERT INTO "CatPersonality" ("cat_id","personality_id") VALUES (119,17);
INSERT INTO "CatPersonality" ("cat_id","personality_id") VALUES (120,1);
INSERT INTO "CatPersonality" ("cat_id","personality_id") VALUES (121,16);
INSERT INTO "CatPersonality" ("cat_id","personality_id") VALUES (122,10);
INSERT INTO "CatPersonality" ("cat_id","personality_id") VALUES (123,12);
INSERT INTO "CatPersonality" ("cat_id","personality_id") VALUES (124,14);
INSERT INTO "CatPersonality" ("cat_id","personality_id") VALUES (125,20);
INSERT INTO "CatPersonality" ("cat_id","personality_id") VALUES (126,17);
INSERT INTO "CatPersonality" ("cat_id","personality_id") VALUES (127,18);
INSERT INTO "CatPersonality" ("cat_id","personality_id") VALUES (128,19);
INSERT INTO "CatPersonality" ("cat_id","personality_id") VALUES (129,13);
INSERT INTO "CatPersonality" ("cat_id","personality_id") VALUES (130,11);
INSERT INTO "CatPersonality" ("cat_id","personality_id") VALUES (131,8);
INSERT INTO "CatPersonality" ("cat_id","personality_id") VALUES (132,6);
INSERT INTO "CatPersonality" ("cat_id","personality_id") VALUES (133,9);
INSERT INTO "CatPersonality" ("cat_id","personality_id") VALUES (134,2);
INSERT INTO "CatPersonality" ("cat_id","personality_id") VALUES (135,15);
INSERT INTO "CatPersonality" ("cat_id","personality_id") VALUES (136,3);
INSERT INTO "CatPersonality" ("cat_id","personality_id") VALUES (137,5);
INSERT INTO "CatPersonality" ("cat_id","personality_id") VALUES (138,10);
INSERT INTO "CatPersonality" ("cat_id","personality_id") VALUES (139,12);
INSERT INTO "CatPersonality" ("cat_id","personality_id") VALUES (140,2);
INSERT INTO "CatPersonality" ("cat_id","personality_id") VALUES (141,11);
INSERT INTO "CatPersonality" ("cat_id","personality_id") VALUES (142,4);
INSERT INTO "CatPersonality" ("cat_id","personality_id") VALUES (143,20);
INSERT INTO "CatPersonality" ("cat_id","personality_id") VALUES (144,8);
INSERT INTO "CatPersonality" ("cat_id","personality_id") VALUES (145,9);
INSERT INTO "CatPersonality" ("cat_id","personality_id") VALUES (146,7);
INSERT INTO "CatPersonality" ("cat_id","personality_id") VALUES (147,17);
INSERT INTO "CatPersonality" ("cat_id","personality_id") VALUES (148,1);
INSERT INTO "CatPersonality" ("cat_id","personality_id") VALUES (149,15);
INSERT INTO "CatPersonality" ("cat_id","personality_id") VALUES (150,14);
INSERT INTO "CatPersonality" ("cat_id","personality_id") VALUES (151,3);
INSERT INTO "CatPersonality" ("cat_id","personality_id") VALUES (152,4);
INSERT INTO "CatPersonality" ("cat_id","personality_id") VALUES (153,20);
INSERT INTO "CatPersonality" ("cat_id","personality_id") VALUES (154,11);
INSERT INTO "CatPersonality" ("cat_id","personality_id") VALUES (155,13);
INSERT INTO "CatPersonality" ("cat_id","personality_id") VALUES (156,6);
INSERT INTO "CatPersonality" ("cat_id","personality_id") VALUES (157,10);
INSERT INTO "CatPersonality" ("cat_id","personality_id") VALUES (158,12);
INSERT INTO "CatPersonality" ("cat_id","personality_id") VALUES (159,17);
INSERT INTO "CatPersonality" ("cat_id","personality_id") VALUES (160,8);
INSERT INTO "CatPersonality" ("cat_id","personality_id") VALUES (161,9);
INSERT INTO "CatPersonality" ("cat_id","personality_id") VALUES (162,5);
INSERT INTO "CatPersonality" ("cat_id","personality_id") VALUES (163,19);
INSERT INTO "CatPersonality" ("cat_id","personality_id") VALUES (164,15);
INSERT INTO "CatPersonality" ("cat_id","personality_id") VALUES (165,18);
INSERT INTO "CatPersonality" ("cat_id","personality_id") VALUES (166,3);
INSERT INTO "CatPersonality" ("cat_id","personality_id") VALUES (167,17);
INSERT INTO "CatPersonality" ("cat_id","personality_id") VALUES (168,12);
INSERT INTO "CatPersonality" ("cat_id","personality_id") VALUES (169,2);
INSERT INTO "CatPersonality" ("cat_id","personality_id") VALUES (170,16);
INSERT INTO "CatPersonality" ("cat_id","personality_id") VALUES (171,8);
INSERT INTO "CatPersonality" ("cat_id","personality_id") VALUES (172,10);
INSERT INTO "CatPersonality" ("cat_id","personality_id") VALUES (173,14);
INSERT INTO "CatPersonality" ("cat_id","personality_id") VALUES (174,15);
INSERT INTO "CatPersonality" ("cat_id","personality_id") VALUES (175,5);
INSERT INTO "CatPersonality" ("cat_id","personality_id") VALUES (176,19);
INSERT INTO "CatPersonality" ("cat_id","personality_id") VALUES (177,20);
INSERT INTO "CatPersonality" ("cat_id","personality_id") VALUES (178,6);
INSERT INTO "CatPersonality" ("cat_id","personality_id") VALUES (179,9);
INSERT INTO "CatPersonality" ("cat_id","personality_id") VALUES (180,11);
INSERT INTO "CatPersonality" ("cat_id","personality_id") VALUES (181,15);
INSERT INTO "CatPersonality" ("cat_id","personality_id") VALUES (182,3);
INSERT INTO "CatPersonality" ("cat_id","personality_id") VALUES (183,14);
INSERT INTO "CatPersonality" ("cat_id","personality_id") VALUES (184,6);
INSERT INTO "CatPersonality" ("cat_id","personality_id") VALUES (185,5);
INSERT INTO "CatPersonality" ("cat_id","personality_id") VALUES (186,11);
INSERT INTO "CatPersonality" ("cat_id","personality_id") VALUES (187,17);
INSERT INTO "CatPersonality" ("cat_id","personality_id") VALUES (188,19);
INSERT INTO "CatPersonality" ("cat_id","personality_id") VALUES (189,18);
INSERT INTO "CatPersonality" ("cat_id","personality_id") VALUES (190,7);
INSERT INTO "CatPersonality" ("cat_id","personality_id") VALUES (191,4);
INSERT INTO "CatPersonality" ("cat_id","personality_id") VALUES (192,9);
INSERT INTO "CatPersonality" ("cat_id","personality_id") VALUES (193,8);
INSERT INTO "CatPersonality" ("cat_id","personality_id") VALUES (194,1);
INSERT INTO "CatPersonality" ("cat_id","personality_id") VALUES (195,13);
INSERT INTO "CatPersonality" ("cat_id","personality_id") VALUES (196,2);
INSERT INTO "CatPersonality" ("cat_id","personality_id") VALUES (197,1);
INSERT INTO "CatPersonality" ("cat_id","personality_id") VALUES (198,20);
INSERT INTO "CatPersonality" ("cat_id","personality_id") VALUES (199,16);
INSERT INTO "CatPersonality" ("cat_id","personality_id") VALUES (200,7);
INSERT INTO "CatPersonality" ("cat_id","personality_id") VALUES (201,6);
INSERT INTO "CatPersonality" ("cat_id","personality_id") VALUES (202,3);
INSERT INTO "CatPersonality" ("cat_id","personality_id") VALUES (203,8);
INSERT INTO "CatPersonality" ("cat_id","personality_id") VALUES (204,19);
INSERT INTO "CatPersonality" ("cat_id","personality_id") VALUES (205,10);
INSERT INTO "CatPersonality" ("cat_id","personality_id") VALUES (206,14);
INSERT INTO "CatPersonality" ("cat_id","personality_id") VALUES (207,9);
INSERT INTO "CatPersonality" ("cat_id","personality_id") VALUES (208,13);
INSERT INTO "CatPersonality" ("cat_id","personality_id") VALUES (209,15);
INSERT INTO "CatPersonality" ("cat_id","personality_id") VALUES (210,4);
INSERT INTO "CatPersonality" ("cat_id","personality_id") VALUES (211,4);
INSERT INTO "CatPersonality" ("cat_id","personality_id") VALUES (212,7);
INSERT INTO "CatPersonality" ("cat_id","personality_id") VALUES (213,10);
INSERT INTO "CatPersonality" ("cat_id","personality_id") VALUES (214,3);
INSERT INTO "CatPersonality" ("cat_id","personality_id") VALUES (215,16);
INSERT INTO "CatPersonality" ("cat_id","personality_id") VALUES (216,13);
INSERT INTO "CatPersonality" ("cat_id","personality_id") VALUES (217,15);
INSERT INTO "CatPersonality" ("cat_id","personality_id") VALUES (218,8);
INSERT INTO "CatPersonality" ("cat_id","personality_id") VALUES (219,6);
INSERT INTO "CatPersonality" ("cat_id","personality_id") VALUES (220,2);
INSERT INTO "CatPersonality" ("cat_id","personality_id") VALUES (221,5);
INSERT INTO "CatPersonality" ("cat_id","personality_id") VALUES (222,11);
INSERT INTO "CatPersonality" ("cat_id","personality_id") VALUES (223,14);
INSERT INTO "CatPersonality" ("cat_id","personality_id") VALUES (224,19);
INSERT INTO "CatPersonality" ("cat_id","personality_id") VALUES (225,9);
INSERT INTO "CatPersonality" ("cat_id","personality_id") VALUES (226,14);
INSERT INTO "CatPersonality" ("cat_id","personality_id") VALUES (227,5);
INSERT INTO "CatPersonality" ("cat_id","personality_id") VALUES (228,2);
INSERT INTO "CatPersonality" ("cat_id","personality_id") VALUES (229,1);
INSERT INTO "CatPersonality" ("cat_id","personality_id") VALUES (230,8);
INSERT INTO "CatPersonality" ("cat_id","personality_id") VALUES (231,15);
INSERT INTO "CatPersonality" ("cat_id","personality_id") VALUES (232,16);
INSERT INTO "CatPersonality" ("cat_id","personality_id") VALUES (233,11);
INSERT INTO "CatPersonality" ("cat_id","personality_id") VALUES (234,19);
INSERT INTO "CatPersonality" ("cat_id","personality_id") VALUES (235,20);
INSERT INTO "CatPersonality" ("cat_id","personality_id") VALUES (236,12);
INSERT INTO "CatPersonality" ("cat_id","personality_id") VALUES (237,9);
INSERT INTO "CatPersonality" ("cat_id","personality_id") VALUES (238,13);
INSERT INTO "CatPersonality" ("cat_id","personality_id") VALUES (239,3);
INSERT INTO "CatPersonality" ("cat_id","personality_id") VALUES (240,7);
INSERT INTO "CatPersonality" ("cat_id","personality_id") VALUES (241,15);
INSERT INTO "CatPersonality" ("cat_id","personality_id") VALUES (242,1);
INSERT INTO "CatPersonality" ("cat_id","personality_id") VALUES (243,6);
INSERT INTO "CatPersonality" ("cat_id","personality_id") VALUES (244,4);
INSERT INTO "CatPersonality" ("cat_id","personality_id") VALUES (245,7);
INSERT INTO "CatPersonality" ("cat_id","personality_id") VALUES (246,3);
INSERT INTO "CatPersonality" ("cat_id","personality_id") VALUES (247,17);
INSERT INTO "CatPersonality" ("cat_id","personality_id") VALUES (248,5);
INSERT INTO "CatPersonality" ("cat_id","personality_id") VALUES (249,14);
INSERT INTO "CatPersonality" ("cat_id","personality_id") VALUES (250,2);
INSERT INTO "CatPersonality" ("cat_id","personality_id") VALUES (251,10);
INSERT INTO "CatPersonality" ("cat_id","personality_id") VALUES (252,20);
INSERT INTO "CatPersonality" ("cat_id","personality_id") VALUES (253,18);
INSERT INTO "CatPersonality" ("cat_id","personality_id") VALUES (254,11);
INSERT INTO "CatPersonality" ("cat_id","personality_id") VALUES (255,19);
INSERT INTO "CatPersonality" ("cat_id","personality_id") VALUES (256,3);
INSERT INTO "CatPersonality" ("cat_id","personality_id") VALUES (257,7);
INSERT INTO "CatPersonality" ("cat_id","personality_id") VALUES (258,15);
INSERT INTO "CatPersonality" ("cat_id","personality_id") VALUES (259,5);
INSERT INTO "CatPersonality" ("cat_id","personality_id") VALUES (260,2);
INSERT INTO "CatPersonality" ("cat_id","personality_id") VALUES (261,16);
INSERT INTO "CatPersonality" ("cat_id","personality_id") VALUES (262,10);
INSERT INTO "CatPersonality" ("cat_id","personality_id") VALUES (263,12);
INSERT INTO "CatPersonality" ("cat_id","personality_id") VALUES (264,6);
INSERT INTO "CatPersonality" ("cat_id","personality_id") VALUES (265,14);
INSERT INTO "CatPersonality" ("cat_id","personality_id") VALUES (266,9);
INSERT INTO "CatPersonality" ("cat_id","personality_id") VALUES (267,1);
INSERT INTO "CatPersonality" ("cat_id","personality_id") VALUES (268,11);
INSERT INTO "CatPersonality" ("cat_id","personality_id") VALUES (269,4);
INSERT INTO "CatPersonality" ("cat_id","personality_id") VALUES (270,20);
INSERT INTO "CatPersonality" ("cat_id","personality_id") VALUES (271,6);
INSERT INTO "CatPersonality" ("cat_id","personality_id") VALUES (272,20);
INSERT INTO "CatPersonality" ("cat_id","personality_id") VALUES (273,16);
INSERT INTO "CatPersonality" ("cat_id","personality_id") VALUES (274,17);
INSERT INTO "CatPersonality" ("cat_id","personality_id") VALUES (275,18);
INSERT INTO "CatPersonality" ("cat_id","personality_id") VALUES (276,13);
INSERT INTO "CatPersonality" ("cat_id","personality_id") VALUES (277,4);
INSERT INTO "CatPersonality" ("cat_id","personality_id") VALUES (278,1);
INSERT INTO "CatPersonality" ("cat_id","personality_id") VALUES (279,14);
INSERT INTO "CatPersonality" ("cat_id","personality_id") VALUES (280,3);
INSERT INTO "CatPersonality" ("cat_id","personality_id") VALUES (281,11);
INSERT INTO "CatPersonality" ("cat_id","personality_id") VALUES (282,15);
INSERT INTO "CatPersonality" ("cat_id","personality_id") VALUES (283,12);
INSERT INTO "CatPersonality" ("cat_id","personality_id") VALUES (284,9);
INSERT INTO "CatPersonality" ("cat_id","personality_id") VALUES (285,5);
INSERT INTO "CatPersonality" ("cat_id","personality_id") VALUES (286,10);
INSERT INTO "CatPersonality" ("cat_id","personality_id") VALUES (287,13);
INSERT INTO "CatPersonality" ("cat_id","personality_id") VALUES (288,6);
INSERT INTO "CatPersonality" ("cat_id","personality_id") VALUES (289,9);
INSERT INTO "CatPersonality" ("cat_id","personality_id") VALUES (290,5);
INSERT INTO "CatPersonality" ("cat_id","personality_id") VALUES (291,17);
INSERT INTO "CatPersonality" ("cat_id","personality_id") VALUES (292,19);
INSERT INTO "CatPersonality" ("cat_id","personality_id") VALUES (293,7);
INSERT INTO "CatPersonality" ("cat_id","personality_id") VALUES (294,16);
INSERT INTO "CatPersonality" ("cat_id","personality_id") VALUES (295,11);
INSERT INTO "CatPersonality" ("cat_id","personality_id") VALUES (296,12);
INSERT INTO "CatPersonality" ("cat_id","personality_id") VALUES (297,8);
INSERT INTO "CatPersonality" ("cat_id","personality_id") VALUES (298,18);
INSERT INTO "CatPersonality" ("cat_id","personality_id") VALUES (299,20);
INSERT INTO "CatPersonality" ("cat_id","personality_id") VALUES (300,15);
INSERT INTO "CatPersonality" ("cat_id","personality_id") VALUES (301,4);
INSERT INTO "CatPersonality" ("cat_id","personality_id") VALUES (302,12);
INSERT INTO "CatPersonality" ("cat_id","personality_id") VALUES (303,13);
INSERT INTO "CatPersonality" ("cat_id","personality_id") VALUES (304,3);
INSERT INTO "CatPersonality" ("cat_id","personality_id") VALUES (305,7);
INSERT INTO "CatPersonality" ("cat_id","personality_id") VALUES (306,14);
INSERT INTO "CatPersonality" ("cat_id","personality_id") VALUES (307,6);
INSERT INTO "CatPersonality" ("cat_id","personality_id") VALUES (308,18);
INSERT INTO "CatPersonality" ("cat_id","personality_id") VALUES (309,17);
INSERT INTO "CatPersonality" ("cat_id","personality_id") VALUES (310,1);
INSERT INTO "CatPersonality" ("cat_id","personality_id") VALUES (311,8);
INSERT INTO "CatPersonality" ("cat_id","personality_id") VALUES (312,10);
INSERT INTO "CatPersonality" ("cat_id","personality_id") VALUES (313,15);
INSERT INTO "CatPersonality" ("cat_id","personality_id") VALUES (314,19);
INSERT INTO "CatPersonality" ("cat_id","personality_id") VALUES (315,16);
INSERT INTO "CatPersonality" ("cat_id","personality_id") VALUES (316,12);
INSERT INTO "CatPersonality" ("cat_id","personality_id") VALUES (317,15);
INSERT INTO "CatPersonality" ("cat_id","personality_id") VALUES (318,6);
INSERT INTO "CatPersonality" ("cat_id","personality_id") VALUES (319,18);
INSERT INTO "CatPersonality" ("cat_id","personality_id") VALUES (320,2);
INSERT INTO "CatPersonality" ("cat_id","personality_id") VALUES (321,1);
INSERT INTO "CatPersonality" ("cat_id","personality_id") VALUES (322,20);
INSERT INTO "CatPersonality" ("cat_id","personality_id") VALUES (323,14);
INSERT INTO "CatPersonality" ("cat_id","personality_id") VALUES (324,10);
INSERT INTO "CatPersonality" ("cat_id","personality_id") VALUES (325,9);
INSERT INTO "CatPersonality" ("cat_id","personality_id") VALUES (326,8);
INSERT INTO "CatPersonality" ("cat_id","personality_id") VALUES (327,11);
INSERT INTO "CatPersonality" ("cat_id","personality_id") VALUES (328,13);
INSERT INTO "CatPersonality" ("cat_id","personality_id") VALUES (329,4);
INSERT INTO "CatPersonality" ("cat_id","personality_id") VALUES (330,7);
INSERT INTO "CatPersonality" ("cat_id","personality_id") VALUES (331,10);
INSERT INTO "CatPersonality" ("cat_id","personality_id") VALUES (332,9);
INSERT INTO "CatPersonality" ("cat_id","personality_id") VALUES (333,14);
INSERT INTO "CatPersonality" ("cat_id","personality_id") VALUES (334,16);
INSERT INTO "CatPersonality" ("cat_id","personality_id") VALUES (335,20);
INSERT INTO "CatPersonality" ("cat_id","personality_id") VALUES (336,8);
INSERT INTO "CatPersonality" ("cat_id","personality_id") VALUES (337,13);
INSERT INTO "CatPersonality" ("cat_id","personality_id") VALUES (338,4);
INSERT INTO "CatPersonality" ("cat_id","personality_id") VALUES (339,3);
INSERT INTO "CatPersonality" ("cat_id","personality_id") VALUES (340,5);
INSERT INTO "CatPersonality" ("cat_id","personality_id") VALUES (341,2);
INSERT INTO "CatPersonality" ("cat_id","personality_id") VALUES (342,15);
INSERT INTO "CatPersonality" ("cat_id","personality_id") VALUES (343,11);
INSERT INTO "CatPersonality" ("cat_id","personality_id") VALUES (344,18);
INSERT INTO "CatPersonality" ("cat_id","personality_id") VALUES (345,12);
INSERT INTO "CatPersonality" ("cat_id","personality_id") VALUES (346,8);
INSERT INTO "CatPersonality" ("cat_id","personality_id") VALUES (347,15);
INSERT INTO "CatPersonality" ("cat_id","personality_id") VALUES (348,4);
INSERT INTO "CatPersonality" ("cat_id","personality_id") VALUES (349,20);
INSERT INTO "CatPersonality" ("cat_id","personality_id") VALUES (350,18);
INSERT INTO "CatPersonality" ("cat_id","personality_id") VALUES (351,17);
INSERT INTO "CatPersonality" ("cat_id","personality_id") VALUES (352,1);
INSERT INTO "CatPersonality" ("cat_id","personality_id") VALUES (353,9);
INSERT INTO "CatPersonality" ("cat_id","personality_id") VALUES (354,7);
INSERT INTO "CatPersonality" ("cat_id","personality_id") VALUES (355,11);
INSERT INTO "CatPersonality" ("cat_id","personality_id") VALUES (356,6);
INSERT INTO "CatPersonality" ("cat_id","personality_id") VALUES (357,13);
INSERT INTO "CatPersonality" ("cat_id","personality_id") VALUES (358,12);
INSERT INTO "CatPersonality" ("cat_id","personality_id") VALUES (359,19);
INSERT INTO "CatPersonality" ("cat_id","personality_id") VALUES (360,5);
INSERT INTO "CatPersonality" ("cat_id","personality_id") VALUES (361,20);
INSERT INTO "CatPersonality" ("cat_id","personality_id") VALUES (362,8);
INSERT INTO "CatPersonality" ("cat_id","personality_id") VALUES (363,13);
INSERT INTO "CatPersonality" ("cat_id","personality_id") VALUES (364,3);
INSERT INTO "CatPersonality" ("cat_id","personality_id") VALUES (365,10);
INSERT INTO "CatPersonality" ("cat_id","personality_id") VALUES (366,6);
INSERT INTO "CatPersonality" ("cat_id","personality_id") VALUES (367,16);
INSERT INTO "CatPersonality" ("cat_id","personality_id") VALUES (368,5);
INSERT INTO "CatPersonality" ("cat_id","personality_id") VALUES (369,2);
INSERT INTO "CatPersonality" ("cat_id","personality_id") VALUES (370,4);
INSERT INTO "CatPersonality" ("cat_id","personality_id") VALUES (371,15);
INSERT INTO "CatPersonality" ("cat_id","personality_id") VALUES (372,11);
INSERT INTO "CatPersonality" ("cat_id","personality_id") VALUES (373,12);
INSERT INTO "CatPersonality" ("cat_id","personality_id") VALUES (374,1);
INSERT INTO "CatPersonality" ("cat_id","personality_id") VALUES (375,17);
INSERT INTO "CatPersonality" ("cat_id","personality_id") VALUES (376,14);
INSERT INTO "CatPersonality" ("cat_id","personality_id") VALUES (377,9);
INSERT INTO "CatPersonality" ("cat_id","personality_id") VALUES (378,4);
INSERT INTO "CatPersonality" ("cat_id","personality_id") VALUES (379,5);
INSERT INTO "CatPersonality" ("cat_id","personality_id") VALUES (380,7);
INSERT INTO "CatPersonality" ("cat_id","personality_id") VALUES (381,20);
INSERT INTO "CatPersonality" ("cat_id","personality_id") VALUES (382,16);
INSERT INTO "CatPersonality" ("cat_id","personality_id") VALUES (383,8);
INSERT INTO "CatPersonality" ("cat_id","personality_id") VALUES (384,3);
INSERT INTO "CatPersonality" ("cat_id","personality_id") VALUES (385,2);
INSERT INTO "CatPersonality" ("cat_id","personality_id") VALUES (386,1);
INSERT INTO "CatPersonality" ("cat_id","personality_id") VALUES (387,15);
INSERT INTO "CatPersonality" ("cat_id","personality_id") VALUES (388,6);
INSERT INTO "CatPersonality" ("cat_id","personality_id") VALUES (389,18);
INSERT INTO "CatPersonality" ("cat_id","personality_id") VALUES (390,17);
INSERT INTO "CatPersonality" ("cat_id","personality_id") VALUES (391,12);
INSERT INTO "CatPersonality" ("cat_id","personality_id") VALUES (392,18);
INSERT INTO "CatPersonality" ("cat_id","personality_id") VALUES (393,6);
INSERT INTO "CatPersonality" ("cat_id","personality_id") VALUES (394,20);
INSERT INTO "CatPersonality" ("cat_id","personality_id") VALUES (395,7);
INSERT INTO "CatPersonality" ("cat_id","personality_id") VALUES (396,16);
INSERT INTO "CatPersonality" ("cat_id","personality_id") VALUES (397,8);
INSERT INTO "CatPersonality" ("cat_id","personality_id") VALUES (398,10);
INSERT INTO "CatPersonality" ("cat_id","personality_id") VALUES (399,17);
INSERT INTO "CatPersonality" ("cat_id","personality_id") VALUES (400,1);
INSERT INTO "CatPersonality" ("cat_id","personality_id") VALUES (401,19);
INSERT INTO "CatPersonality" ("cat_id","personality_id") VALUES (402,14);
INSERT INTO "CatPersonality" ("cat_id","personality_id") VALUES (403,15);
INSERT INTO "CatPersonality" ("cat_id","personality_id") VALUES (404,4);
INSERT INTO "CatPersonality" ("cat_id","personality_id") VALUES (405,3);
INSERT INTO "CatPersonality" ("cat_id","personality_id") VALUES (406,3);
INSERT INTO "CatPersonality" ("cat_id","personality_id") VALUES (407,20);
INSERT INTO "CatPersonality" ("cat_id","personality_id") VALUES (408,15);
INSERT INTO "CatPersonality" ("cat_id","personality_id") VALUES (409,18);
INSERT INTO "CatPersonality" ("cat_id","personality_id") VALUES (410,5);
INSERT INTO "CatPersonality" ("cat_id","personality_id") VALUES (411,13);
INSERT INTO "CatPersonality" ("cat_id","personality_id") VALUES (412,14);
INSERT INTO "CatPersonality" ("cat_id","personality_id") VALUES (413,10);
INSERT INTO "CatPersonality" ("cat_id","personality_id") VALUES (414,8);
INSERT INTO "CatPersonality" ("cat_id","personality_id") VALUES (415,9);
INSERT INTO "CatPersonality" ("cat_id","personality_id") VALUES (416,12);
INSERT INTO "CatPersonality" ("cat_id","personality_id") VALUES (417,1);
INSERT INTO "CatPersonality" ("cat_id","personality_id") VALUES (418,7);
INSERT INTO "CatPersonality" ("cat_id","personality_id") VALUES (419,2);
INSERT INTO "CatPersonality" ("cat_id","personality_id") VALUES (420,19);
INSERT INTO "CatPersonality" ("cat_id","personality_id") VALUES (421,11);
INSERT INTO "CatPersonality" ("cat_id","personality_id") VALUES (422,8);
INSERT INTO "CatPersonality" ("cat_id","personality_id") VALUES (423,2);
INSERT INTO "CatPersonality" ("cat_id","personality_id") VALUES (424,20);
INSERT INTO "CatPersonality" ("cat_id","personality_id") VALUES (425,7);
INSERT INTO "CatPersonality" ("cat_id","personality_id") VALUES (426,18);
INSERT INTO "CatPersonality" ("cat_id","personality_id") VALUES (427,12);
INSERT INTO "CatPersonality" ("cat_id","personality_id") VALUES (428,14);
INSERT INTO "CatPersonality" ("cat_id","personality_id") VALUES (429,5);
INSERT INTO "CatPersonality" ("cat_id","personality_id") VALUES (430,16);
INSERT INTO "CatPersonality" ("cat_id","personality_id") VALUES (431,10);
INSERT INTO "CatPersonality" ("cat_id","personality_id") VALUES (432,19);
INSERT INTO "CatPersonality" ("cat_id","personality_id") VALUES (433,15);
INSERT INTO "CatPersonality" ("cat_id","personality_id") VALUES (434,4);
INSERT INTO "CatPersonality" ("cat_id","personality_id") VALUES (435,17);
INSERT INTO "CatPersonality" ("cat_id","personality_id") VALUES (436,4);
INSERT INTO "CatPersonality" ("cat_id","personality_id") VALUES (437,10);
INSERT INTO "CatPersonality" ("cat_id","personality_id") VALUES (438,18);
INSERT INTO "CatPersonality" ("cat_id","personality_id") VALUES (439,11);
INSERT INTO "CatPersonality" ("cat_id","personality_id") VALUES (440,12);
INSERT INTO "CatPersonality" ("cat_id","personality_id") VALUES (441,16);
INSERT INTO "CatPersonality" ("cat_id","personality_id") VALUES (442,7);
INSERT INTO "CatPersonality" ("cat_id","personality_id") VALUES (443,17);
INSERT INTO "CatPersonality" ("cat_id","personality_id") VALUES (444,5);
INSERT INTO "CatPersonality" ("cat_id","personality_id") VALUES (445,15);
INSERT INTO "CatPersonality" ("cat_id","personality_id") VALUES (446,2);
INSERT INTO "CatPersonality" ("cat_id","personality_id") VALUES (447,8);
INSERT INTO "CatPersonality" ("cat_id","personality_id") VALUES (448,14);
INSERT INTO "CatPersonality" ("cat_id","personality_id") VALUES (449,9);
INSERT INTO "CatPersonality" ("cat_id","personality_id") VALUES (450,19);
INSERT INTO "CatPersonality" ("cat_id","personality_id") VALUES (451,8);
INSERT INTO "CatPersonality" ("cat_id","personality_id") VALUES (452,5);
INSERT INTO "CatPersonality" ("cat_id","personality_id") VALUES (453,19);
INSERT INTO "CatPersonality" ("cat_id","personality_id") VALUES (454,16);
INSERT INTO "CatPersonality" ("cat_id","personality_id") VALUES (455,11);
INSERT INTO "CatPersonality" ("cat_id","personality_id") VALUES (456,7);
INSERT INTO "CatPersonality" ("cat_id","personality_id") VALUES (457,14);
INSERT INTO "CatPersonality" ("cat_id","personality_id") VALUES (458,3);
INSERT INTO "CatPersonality" ("cat_id","personality_id") VALUES (459,10);
INSERT INTO "CatPersonality" ("cat_id","personality_id") VALUES (460,18);
INSERT INTO "CatPersonality" ("cat_id","personality_id") VALUES (461,2);
INSERT INTO "CatPersonality" ("cat_id","personality_id") VALUES (462,4);
INSERT INTO "CatPersonality" ("cat_id","personality_id") VALUES (463,17);
INSERT INTO "CatPersonality" ("cat_id","personality_id") VALUES (464,20);
INSERT INTO "CatPersonality" ("cat_id","personality_id") VALUES (465,9);
INSERT INTO "CatPersonality" ("cat_id","personality_id") VALUES (466,19);
INSERT INTO "CatPersonality" ("cat_id","personality_id") VALUES (467,10);
INSERT INTO "CatPersonality" ("cat_id","personality_id") VALUES (468,3);
INSERT INTO "CatPersonality" ("cat_id","personality_id") VALUES (469,5);
INSERT INTO "CatPersonality" ("cat_id","personality_id") VALUES (470,20);
INSERT INTO "CatPersonality" ("cat_id","personality_id") VALUES (471,1);
INSERT INTO "CatPersonality" ("cat_id","personality_id") VALUES (472,12);
INSERT INTO "CatPersonality" ("cat_id","personality_id") VALUES (473,15);
INSERT INTO "CatPersonality" ("cat_id","personality_id") VALUES (474,14);
INSERT INTO "CatPersonality" ("cat_id","personality_id") VALUES (475,4);
INSERT INTO "CatPersonality" ("cat_id","personality_id") VALUES (476,2);
INSERT INTO "CatPersonality" ("cat_id","personality_id") VALUES (477,13);
INSERT INTO "CatPersonality" ("cat_id","personality_id") VALUES (478,9);
INSERT INTO "CatPersonality" ("cat_id","personality_id") VALUES (479,6);
INSERT INTO "CatPersonality" ("cat_id","personality_id") VALUES (480,18);
INSERT INTO "CatPersonality" ("cat_id","personality_id") VALUES (481,11);
INSERT INTO "CatPersonality" ("cat_id","personality_id") VALUES (482,7);
INSERT INTO "CatPersonality" ("cat_id","personality_id") VALUES (483,16);
INSERT INTO "CatPersonality" ("cat_id","personality_id") VALUES (484,8);
INSERT INTO "CatPersonality" ("cat_id","personality_id") VALUES (485,17);
INSERT INTO "CatPersonality" ("cat_id","personality_id") VALUES (486,14);
INSERT INTO "CatPersonality" ("cat_id","personality_id") VALUES (487,16);
INSERT INTO "CatPersonality" ("cat_id","personality_id") VALUES (488,6);
INSERT INTO "CatPersonality" ("cat_id","personality_id") VALUES (489,5);
INSERT INTO "CatPersonality" ("cat_id","personality_id") VALUES (490,12);
INSERT INTO "CatPersonality" ("cat_id","personality_id") VALUES (491,20);
INSERT INTO "CatPersonality" ("cat_id","personality_id") VALUES (492,18);
INSERT INTO "CatPersonality" ("cat_id","personality_id") VALUES (493,1);
INSERT INTO "CatPersonality" ("cat_id","personality_id") VALUES (494,11);
INSERT INTO "CatPersonality" ("cat_id","personality_id") VALUES (495,13);
INSERT INTO "CatPersonality" ("cat_id","personality_id") VALUES (496,4);
INSERT INTO "CatPersonality" ("cat_id","personality_id") VALUES (497,10);
INSERT INTO "CatPersonality" ("cat_id","personality_id") VALUES (498,8);
INSERT INTO "CatPersonality" ("cat_id","personality_id") VALUES (499,15);
INSERT INTO "CatPersonality" ("cat_id","personality_id") VALUES (500,7);
INSERT INTO "Cats" ("cat_id","cat_name","cat_birthday","cat_weight_lb") VALUES (1,'Wrapsafe','2004-03-13',18.8);
INSERT INTO "Cats" ("cat_id","cat_name","cat_birthday","cat_weight_lb") VALUES (2,'Tin','2000-10-09',23.7);
INSERT INTO "Cats" ("cat_id","cat_name","cat_birthday","cat_weight_lb") VALUES (3,'Flexidy','2009-02-11',14.7);
INSERT INTO "Cats" ("cat_id","cat_name","cat_birthday","cat_weight_lb") VALUES (4,'Holdlamis','2007-06-02',14.0);
INSERT INTO "Cats" ("cat_id","cat_name","cat_birthday","cat_weight_lb") VALUES (5,'Sonair','2011-05-09',8.6);
INSERT INTO "Cats" ("cat_id","cat_name","cat_birthday","cat_weight_lb") VALUES (6,'Temp','2003-05-13',8.4);
INSERT INTO "Cats" ("cat_id","cat_name","cat_birthday","cat_weight_lb") VALUES (7,'Holdlamis','2006-10-26',23.0);
INSERT INTO "Cats" ("cat_id","cat_name","cat_birthday","cat_weight_lb") VALUES (8,'Andalax','2010-11-03',10.2);
INSERT INTO "Cats" ("cat_id","cat_name","cat_birthday","cat_weight_lb") VALUES (9,'Flowdesk','2002-02-13',17.4);
INSERT INTO "Cats" ("cat_id","cat_name","cat_birthday","cat_weight_lb") VALUES (10,'Viva','2013-02-11',13.2);
INSERT INTO "Cats" ("cat_id","cat_name","cat_birthday","cat_weight_lb") VALUES (11,'Voltsillam','2015-02-24',1.5);
INSERT INTO "Cats" ("cat_id","cat_name","cat_birthday","cat_weight_lb") VALUES (12,'Latlux','2015-01-14',4.2);
INSERT INTO "Cats" ("cat_id","cat_name","cat_birthday","cat_weight_lb") VALUES (13,'Zamit','2001-12-09',17.4);
INSERT INTO "Cats" ("cat_id","cat_name","cat_birthday","cat_weight_lb") VALUES (14,'Asoka','2001-08-20',11.8);
INSERT INTO "Cats" ("cat_id","cat_name","cat_birthday","cat_weight_lb") VALUES (15,'Cardguard','2007-02-22',13.4);
INSERT INTO "Cats" ("cat_id","cat_name","cat_birthday","cat_weight_lb") VALUES (16,'Bigtax','2000-06-12',14.1);
INSERT INTO "Cats" ("cat_id","cat_name","cat_birthday","cat_weight_lb") VALUES (17,'Konklux','2002-11-06',7.9);
INSERT INTO "Cats" ("cat_id","cat_name","cat_birthday","cat_weight_lb") VALUES (18,'Overhold','2008-02-17',8.7);
INSERT INTO "Cats" ("cat_id","cat_name","cat_birthday","cat_weight_lb") VALUES (19,'Pannier','2012-09-27',14.9);
INSERT INTO "Cats" ("cat_id","cat_name","cat_birthday","cat_weight_lb") VALUES (20,'Sonsing','2006-08-15',5.5);
INSERT INTO "Cats" ("cat_id","cat_name","cat_birthday","cat_weight_lb") VALUES (21,'Kanlam','2001-03-06',7.3);
INSERT INTO "Cats" ("cat_id","cat_name","cat_birthday","cat_weight_lb") VALUES (22,'Namfix','2009-01-13',15.6);
INSERT INTO "Cats" ("cat_id","cat_name","cat_birthday","cat_weight_lb") VALUES (23,'It','2011-02-23',6.4);
INSERT INTO "Cats" ("cat_id","cat_name","cat_birthday","cat_weight_lb") VALUES (24,'Y-Solowarm','2014-03-12',11.5);
INSERT INTO "Cats" ("cat_id","cat_name","cat_birthday","cat_weight_lb") VALUES (25,'Home Ing','2001-01-21',3.5);
INSERT INTO "Cats" ("cat_id","cat_name","cat_birthday","cat_weight_lb") VALUES (26,'Greenlam','2005-06-25',5.7);
INSERT INTO "Cats" ("cat_id","cat_name","cat_birthday","cat_weight_lb") VALUES (27,'Konklux','2005-06-01',20.7);
INSERT INTO "Cats" ("cat_id","cat_name","cat_birthday","cat_weight_lb") VALUES (28,'Opela','2004-01-12',2.7);
INSERT INTO "Cats" ("cat_id","cat_name","cat_birthday","cat_weight_lb") VALUES (29,'Domainer','2008-07-26',15.7);
INSERT INTO "Cats" ("cat_id","cat_name","cat_birthday","cat_weight_lb") VALUES (30,'Vagram','2008-09-29',18.3);
INSERT INTO "Cats" ("cat_id","cat_name","cat_birthday","cat_weight_lb") VALUES (31,'Gembucket','2012-08-21',10.5);
INSERT INTO "Cats" ("cat_id","cat_name","cat_birthday","cat_weight_lb") VALUES (32,'Zamit','2011-05-29',20.8);
INSERT INTO "Cats" ("cat_id","cat_name","cat_birthday","cat_weight_lb") VALUES (33,'Kanlam','2005-09-21',22.8);
INSERT INTO "Cats" ("cat_id","cat_name","cat_birthday","cat_weight_lb") VALUES (34,'Alphazap','2015-02-24',21.1);
INSERT INTO "Cats" ("cat_id","cat_name","cat_birthday","cat_weight_lb") VALUES (35,'Zaam-Dox','2013-12-15',23.1);
INSERT INTO "Cats" ("cat_id","cat_name","cat_birthday","cat_weight_lb") VALUES (36,'Transcof','2002-11-17',10.2);
INSERT INTO "Cats" ("cat_id","cat_name","cat_birthday","cat_weight_lb") VALUES (37,'Namfix','2001-03-19',4.0);
INSERT INTO "Cats" ("cat_id","cat_name","cat_birthday","cat_weight_lb") VALUES (38,'Bytecard','2000-11-12',7.7);
INSERT INTO "Cats" ("cat_id","cat_name","cat_birthday","cat_weight_lb") VALUES (39,'Trippledex','2001-03-24',2.7);
INSERT INTO "Cats" ("cat_id","cat_name","cat_birthday","cat_weight_lb") VALUES (40,'Zoolab','2012-06-15',25.0);
INSERT INTO "Cats" ("cat_id","cat_name","cat_birthday","cat_weight_lb") VALUES (41,'Prodder','2011-04-17',22.2);
INSERT INTO "Cats" ("cat_id","cat_name","cat_birthday","cat_weight_lb") VALUES (42,'Overhold','2003-06-30',6.6);
INSERT INTO "Cats" ("cat_id","cat_name","cat_birthday","cat_weight_lb") VALUES (43,'Fintone','2012-03-26',4.4);
INSERT INTO "Cats" ("cat_id","cat_name","cat_birthday","cat_weight_lb") VALUES (44,'Home Ing','2006-12-16',10.7);
INSERT INTO "Cats" ("cat_id","cat_name","cat_birthday","cat_weight_lb") VALUES (45,'Sub-Ex','2010-04-28',8.7);
INSERT INTO "Cats" ("cat_id","cat_name","cat_birthday","cat_weight_lb") VALUES (46,'Home Ing','2013-11-14',19.5);
INSERT INTO "Cats" ("cat_id","cat_name","cat_birthday","cat_weight_lb") VALUES (47,'Ronstring','2009-06-11',2.9);
INSERT INTO "Cats" ("cat_id","cat_name","cat_birthday","cat_weight_lb") VALUES (48,'Greenlam','2015-01-01',7.1);
INSERT INTO "Cats" ("cat_id","cat_name","cat_birthday","cat_weight_lb") VALUES (49,'Ventosanzap','2006-09-04',1.5);
INSERT INTO "Cats" ("cat_id","cat_name","cat_birthday","cat_weight_lb") VALUES (50,'Voyatouch','2010-12-16',15.0);
INSERT INTO "Cats" ("cat_id","cat_name","cat_birthday","cat_weight_lb") VALUES (51,'Sonsing','2008-11-28',14.2);
INSERT INTO "Cats" ("cat_id","cat_name","cat_birthday","cat_weight_lb") VALUES (52,'Tresom','2013-10-15',7.1);
INSERT INTO "Cats" ("cat_id","cat_name","cat_birthday","cat_weight_lb") VALUES (53,'Keylex','2011-06-04',14.0);
INSERT INTO "Cats" ("cat_id","cat_name","cat_birthday","cat_weight_lb") VALUES (54,'Fix San','2006-06-09',8.5);
INSERT INTO "Cats" ("cat_id","cat_name","cat_birthday","cat_weight_lb") VALUES (55,'Treeflex','2011-04-17',16.4);
INSERT INTO "Cats" ("cat_id","cat_name","cat_birthday","cat_weight_lb") VALUES (56,'Lotstring','2005-06-04',22.7);
INSERT INTO "Cats" ("cat_id","cat_name","cat_birthday","cat_weight_lb") VALUES (57,'Sonair','2010-02-25',15.8);
INSERT INTO "Cats" ("cat_id","cat_name","cat_birthday","cat_weight_lb") VALUES (58,'It','2008-08-19',21.3);
INSERT INTO "Cats" ("cat_id","cat_name","cat_birthday","cat_weight_lb") VALUES (59,'Fix San','2012-07-13',5.1);
INSERT INTO "Cats" ("cat_id","cat_name","cat_birthday","cat_weight_lb") VALUES (60,'Zoolab','2008-10-06',15.8);
INSERT INTO "Cats" ("cat_id","cat_name","cat_birthday","cat_weight_lb") VALUES (61,'Ventosanzap','2011-03-06',16.9);
INSERT INTO "Cats" ("cat_id","cat_name","cat_birthday","cat_weight_lb") VALUES (62,'Y-find','2003-08-15',13.8);
INSERT INTO "Cats" ("cat_id","cat_name","cat_birthday","cat_weight_lb") VALUES (63,'It','2002-08-25',4.1);
INSERT INTO "Cats" ("cat_id","cat_name","cat_birthday","cat_weight_lb") VALUES (64,'Fintone','2003-07-04',7.8);
INSERT INTO "Cats" ("cat_id","cat_name","cat_birthday","cat_weight_lb") VALUES (65,'Bamity','2011-02-28',20.3);
INSERT INTO "Cats" ("cat_id","cat_name","cat_birthday","cat_weight_lb") VALUES (66,'Stim','2012-08-25',7.2);
INSERT INTO "Cats" ("cat_id","cat_name","cat_birthday","cat_weight_lb") VALUES (67,'Aerified','2004-04-10',3.0);
INSERT INTO "Cats" ("cat_id","cat_name","cat_birthday","cat_weight_lb") VALUES (68,'Job','2000-05-13',10.2);
INSERT INTO "Cats" ("cat_id","cat_name","cat_birthday","cat_weight_lb") VALUES (69,'Treeflex','2007-03-18',17.6);
INSERT INTO "Cats" ("cat_id","cat_name","cat_birthday","cat_weight_lb") VALUES (70,'Tampflex','2014-11-05',21.5);
INSERT INTO "Cats" ("cat_id","cat_name","cat_birthday","cat_weight_lb") VALUES (71,'Stronghold','2003-09-23',15.4);
INSERT INTO "Cats" ("cat_id","cat_name","cat_birthday","cat_weight_lb") VALUES (72,'Hatity','2009-08-16',5.1);
INSERT INTO "Cats" ("cat_id","cat_name","cat_birthday","cat_weight_lb") VALUES (73,'Opela','2010-10-17',13.1);
INSERT INTO "Cats" ("cat_id","cat_name","cat_birthday","cat_weight_lb") VALUES (74,'Flowdesk','2011-02-14',11.0);
INSERT INTO "Cats" ("cat_id","cat_name","cat_birthday","cat_weight_lb") VALUES (75,'Mat Lam Tam','2002-01-14',21.5);
INSERT INTO "Cats" ("cat_id","cat_name","cat_birthday","cat_weight_lb") VALUES (76,'Sonair','2004-07-15',9.1);
INSERT INTO "Cats" ("cat_id","cat_name","cat_birthday","cat_weight_lb") VALUES (77,'Matsoft','2003-03-30',2.0);
INSERT INTO "Cats" ("cat_id","cat_name","cat_birthday","cat_weight_lb") VALUES (78,'Fintone','2002-10-19',6.2);
INSERT INTO "Cats" ("cat_id","cat_name","cat_birthday","cat_weight_lb") VALUES (79,'Fintone','2012-08-20',11.4);
INSERT INTO "Cats" ("cat_id","cat_name","cat_birthday","cat_weight_lb") VALUES (80,'Tampflex','2008-04-20',15.1);
INSERT INTO "Cats" ("cat_id","cat_name","cat_birthday","cat_weight_lb") VALUES (81,'Aerified','2011-03-07',17.9);
INSERT INTO "Cats" ("cat_id","cat_name","cat_birthday","cat_weight_lb") VALUES (82,'Asoka','2002-08-13',22.5);
INSERT INTO "Cats" ("cat_id","cat_name","cat_birthday","cat_weight_lb") VALUES (83,'Zathin','2001-11-21',1.9);
INSERT INTO "Cats" ("cat_id","cat_name","cat_birthday","cat_weight_lb") VALUES (84,'Wrapsafe','2006-11-25',10.0);
INSERT INTO "Cats" ("cat_id","cat_name","cat_birthday","cat_weight_lb") VALUES (85,'Alphazap','2009-01-03',1.6);
INSERT INTO "Cats" ("cat_id","cat_name","cat_birthday","cat_weight_lb") VALUES (86,'Stronghold','2000-08-16',1.6);
INSERT INTO "Cats" ("cat_id","cat_name","cat_birthday","cat_weight_lb") VALUES (87,'Asoka','2009-09-22',1.0);
INSERT INTO "Cats" ("cat_id","cat_name","cat_birthday","cat_weight_lb") VALUES (88,'Sub-Ex','2007-04-09',10.5);
INSERT INTO "Cats" ("cat_id","cat_name","cat_birthday","cat_weight_lb") VALUES (89,'It','2008-10-31',17.9);
INSERT INTO "Cats" ("cat_id","cat_name","cat_birthday","cat_weight_lb") VALUES (90,'Temp','2014-07-09',18.2);
INSERT INTO "Cats" ("cat_id","cat_name","cat_birthday","cat_weight_lb") VALUES (91,'Asoka','2004-02-29',12.7);
INSERT INTO "Cats" ("cat_id","cat_name","cat_birthday","cat_weight_lb") VALUES (92,'Opela','2014-07-22',7.0);
INSERT INTO "Cats" ("cat_id","cat_name","cat_birthday","cat_weight_lb") VALUES (93,'Konklab','2001-02-05',24.9);
INSERT INTO "Cats" ("cat_id","cat_name","cat_birthday","cat_weight_lb") VALUES (94,'Duobam','2011-12-04',15.5);
INSERT INTO "Cats" ("cat_id","cat_name","cat_birthday","cat_weight_lb") VALUES (95,'Konklux','2006-02-08',9.4);
INSERT INTO "Cats" ("cat_id","cat_name","cat_birthday","cat_weight_lb") VALUES (96,'Flowdesk','2005-03-23',3.4);
INSERT INTO "Cats" ("cat_id","cat_name","cat_birthday","cat_weight_lb") VALUES (97,'Opela','2001-12-23',15.2);
INSERT INTO "Cats" ("cat_id","cat_name","cat_birthday","cat_weight_lb") VALUES (98,'Zathin','2011-10-25',7.8);
INSERT INTO "Cats" ("cat_id","cat_name","cat_birthday","cat_weight_lb") VALUES (99,'Stringtough','2000-09-26',2.2);
INSERT INTO "Cats" ("cat_id","cat_name","cat_birthday","cat_weight_lb") VALUES (100,'Cookley','2012-09-13',3.9);
INSERT INTO "Cats" ("cat_id","cat_name","cat_birthday","cat_weight_lb") VALUES (101,'Namfix','2012-06-09',20.7);
INSERT INTO "Cats" ("cat_id","cat_name","cat_birthday","cat_weight_lb") VALUES (102,'Cardify','2008-03-04',7.5);
INSERT INTO "Cats" ("cat_id","cat_name","cat_birthday","cat_weight_lb") VALUES (103,'Zamit','2006-05-31',19.7);
INSERT INTO "Cats" ("cat_id","cat_name","cat_birthday","cat_weight_lb") VALUES (104,'Transcof','2005-11-30',16.4);
INSERT INTO "Cats" ("cat_id","cat_name","cat_birthday","cat_weight_lb") VALUES (105,'Hatity','2015-01-22',21.5);
INSERT INTO "Cats" ("cat_id","cat_name","cat_birthday","cat_weight_lb") VALUES (106,'Konklux','2001-10-16',24.3);
INSERT INTO "Cats" ("cat_id","cat_name","cat_birthday","cat_weight_lb") VALUES (107,'Asoka','2008-07-22',1.8);
INSERT INTO "Cats" ("cat_id","cat_name","cat_birthday","cat_weight_lb") VALUES (108,'Zaam-Dox','2001-12-21',11.0);
INSERT INTO "Cats" ("cat_id","cat_name","cat_birthday","cat_weight_lb") VALUES (109,'Aerified','2015-06-21',8.4);
INSERT INTO "Cats" ("cat_id","cat_name","cat_birthday","cat_weight_lb") VALUES (110,'Voyatouch','2012-02-16',18.9);
INSERT INTO "Cats" ("cat_id","cat_name","cat_birthday","cat_weight_lb") VALUES (111,'Bigtax','2013-06-02',8.2);
INSERT INTO "Cats" ("cat_id","cat_name","cat_birthday","cat_weight_lb") VALUES (112,'Tres-Zap','2010-09-19',20.7);
INSERT INTO "Cats" ("cat_id","cat_name","cat_birthday","cat_weight_lb") VALUES (113,'Sub-Ex','2002-07-20',13.8);
INSERT INTO "Cats" ("cat_id","cat_name","cat_birthday","cat_weight_lb") VALUES (114,'Solarbreeze','2009-02-09',7.2);
INSERT INTO "Cats" ("cat_id","cat_name","cat_birthday","cat_weight_lb") VALUES (115,'Konklab','2009-08-18',17.1);
INSERT INTO "Cats" ("cat_id","cat_name","cat_birthday","cat_weight_lb") VALUES (116,'Cookley','2008-02-12',1.7);
INSERT INTO "Cats" ("cat_id","cat_name","cat_birthday","cat_weight_lb") VALUES (117,'Fixflex','2008-03-30',4.2);
INSERT INTO "Cats" ("cat_id","cat_name","cat_birthday","cat_weight_lb") VALUES (118,'Otcom','2000-07-29',13.4);
INSERT INTO "Cats" ("cat_id","cat_name","cat_birthday","cat_weight_lb") VALUES (119,'Hatity','2001-12-17',4.0);
INSERT INTO "Cats" ("cat_id","cat_name","cat_birthday","cat_weight_lb") VALUES (120,'Temp','2000-01-26',10.2);
INSERT INTO "Cats" ("cat_id","cat_name","cat_birthday","cat_weight_lb") VALUES (121,'Bamity','2004-07-23',7.4);
INSERT INTO "Cats" ("cat_id","cat_name","cat_birthday","cat_weight_lb") VALUES (122,'Otcom','2005-12-05',11.8);
INSERT INTO "Cats" ("cat_id","cat_name","cat_birthday","cat_weight_lb") VALUES (123,'Fix San','2001-09-16',24.2);
INSERT INTO "Cats" ("cat_id","cat_name","cat_birthday","cat_weight_lb") VALUES (124,'Temp','2014-03-18',2.9);
INSERT INTO "Cats" ("cat_id","cat_name","cat_birthday","cat_weight_lb") VALUES (125,'Treeflex','2004-04-27',7.0);
INSERT INTO "Cats" ("cat_id","cat_name","cat_birthday","cat_weight_lb") VALUES (126,'Zontrax','2008-01-01',19.5);
INSERT INTO "Cats" ("cat_id","cat_name","cat_birthday","cat_weight_lb") VALUES (127,'Cardguard','2006-03-20',21.9);
INSERT INTO "Cats" ("cat_id","cat_name","cat_birthday","cat_weight_lb") VALUES (128,'Aerified','2012-04-25',19.3);
INSERT INTO "Cats" ("cat_id","cat_name","cat_birthday","cat_weight_lb") VALUES (129,'Prodder','2009-06-11',23.7);
INSERT INTO "Cats" ("cat_id","cat_name","cat_birthday","cat_weight_lb") VALUES (130,'Bigtax','2010-06-09',5.3);
INSERT INTO "Cats" ("cat_id","cat_name","cat_birthday","cat_weight_lb") VALUES (131,'Overhold','2008-09-30',12.2);
INSERT INTO "Cats" ("cat_id","cat_name","cat_birthday","cat_weight_lb") VALUES (132,'Prodder','2003-04-04',6.2);
INSERT INTO "Cats" ("cat_id","cat_name","cat_birthday","cat_weight_lb") VALUES (133,'Stim','2012-05-27',20.5);
INSERT INTO "Cats" ("cat_id","cat_name","cat_birthday","cat_weight_lb") VALUES (134,'Treeflex','2013-04-06',15.3);
INSERT INTO "Cats" ("cat_id","cat_name","cat_birthday","cat_weight_lb") VALUES (135,'Sonsing','2005-11-21',4.1);
INSERT INTO "Cats" ("cat_id","cat_name","cat_birthday","cat_weight_lb") VALUES (136,'Cardify','2000-05-24',10.2);
INSERT INTO "Cats" ("cat_id","cat_name","cat_birthday","cat_weight_lb") VALUES (137,'Trippledex','2002-03-30',15.4);
INSERT INTO "Cats" ("cat_id","cat_name","cat_birthday","cat_weight_lb") VALUES (138,'Fixflex','2000-08-30',21.2);
INSERT INTO "Cats" ("cat_id","cat_name","cat_birthday","cat_weight_lb") VALUES (139,'Bamity','2015-09-09',3.3);
INSERT INTO "Cats" ("cat_id","cat_name","cat_birthday","cat_weight_lb") VALUES (140,'Konklab','2013-01-10',6.4);
INSERT INTO "Cats" ("cat_id","cat_name","cat_birthday","cat_weight_lb") VALUES (141,'Tres-Zap','2002-12-01',7.0);
INSERT INTO "Cats" ("cat_id","cat_name","cat_birthday","cat_weight_lb") VALUES (142,'Lotstring','2002-08-09',2.4);
INSERT INTO "Cats" ("cat_id","cat_name","cat_birthday","cat_weight_lb") VALUES (143,'Temp','2015-02-16',23.8);
INSERT INTO "Cats" ("cat_id","cat_name","cat_birthday","cat_weight_lb") VALUES (144,'Tresom','2011-09-16',3.1);
INSERT INTO "Cats" ("cat_id","cat_name","cat_birthday","cat_weight_lb") VALUES (145,'Konklab','2010-05-05',5.5);
INSERT INTO "Cats" ("cat_id","cat_name","cat_birthday","cat_weight_lb") VALUES (146,'Asoka','2002-09-16',1.4);
INSERT INTO "Cats" ("cat_id","cat_name","cat_birthday","cat_weight_lb") VALUES (147,'Y-find','2003-05-01',11.7);
INSERT INTO "Cats" ("cat_id","cat_name","cat_birthday","cat_weight_lb") VALUES (148,'Konklux','2008-01-11',16.7);
INSERT INTO "Cats" ("cat_id","cat_name","cat_birthday","cat_weight_lb") VALUES (149,'Lotlux','2003-11-26',23.4);
INSERT INTO "Cats" ("cat_id","cat_name","cat_birthday","cat_weight_lb") VALUES (150,'Keylex','2014-03-13',10.3);
INSERT INTO "Cats" ("cat_id","cat_name","cat_birthday","cat_weight_lb") VALUES (151,'Cardguard','2002-05-05',3.7);
INSERT INTO "Cats" ("cat_id","cat_name","cat_birthday","cat_weight_lb") VALUES (152,'Biodex','2010-12-21',13.8);
INSERT INTO "Cats" ("cat_id","cat_name","cat_birthday","cat_weight_lb") VALUES (153,'Sonsing','2006-01-19',4.8);
INSERT INTO "Cats" ("cat_id","cat_name","cat_birthday","cat_weight_lb") VALUES (154,'Temp','2015-01-02',24.0);
INSERT INTO "Cats" ("cat_id","cat_name","cat_birthday","cat_weight_lb") VALUES (155,'Lotstring','2004-07-14',2.2);
INSERT INTO "Cats" ("cat_id","cat_name","cat_birthday","cat_weight_lb") VALUES (156,'Temp','2005-07-21',8.1);
INSERT INTO "Cats" ("cat_id","cat_name","cat_birthday","cat_weight_lb") VALUES (157,'Lotstring','2010-12-05',5.6);
INSERT INTO "Cats" ("cat_id","cat_name","cat_birthday","cat_weight_lb") VALUES (158,'Fix San','2000-02-16',3.4);
INSERT INTO "Cats" ("cat_id","cat_name","cat_birthday","cat_weight_lb") VALUES (159,'Subin','2002-12-27',11.6);
INSERT INTO "Cats" ("cat_id","cat_name","cat_birthday","cat_weight_lb") VALUES (160,'Sonair','2008-02-29',5.2);
INSERT INTO "Cats" ("cat_id","cat_name","cat_birthday","cat_weight_lb") VALUES (161,'Subin','2002-04-03',18.3);
INSERT INTO "Cats" ("cat_id","cat_name","cat_birthday","cat_weight_lb") VALUES (162,'Sub-Ex','2010-03-10',10.5);
INSERT INTO "Cats" ("cat_id","cat_name","cat_birthday","cat_weight_lb") VALUES (163,'Holdlamis','2011-01-17',1.9);
INSERT INTO "Cats" ("cat_id","cat_name","cat_birthday","cat_weight_lb") VALUES (164,'Subin','2012-02-09',3.0);
INSERT INTO "Cats" ("cat_id","cat_name","cat_birthday","cat_weight_lb") VALUES (165,'Alphazap','2000-07-16',16.1);
INSERT INTO "Cats" ("cat_id","cat_name","cat_birthday","cat_weight_lb") VALUES (166,'Bamity','2009-08-31',5.3);
INSERT INTO "Cats" ("cat_id","cat_name","cat_birthday","cat_weight_lb") VALUES (167,'Gembucket','2013-10-20',1.1);
INSERT INTO "Cats" ("cat_id","cat_name","cat_birthday","cat_weight_lb") VALUES (168,'Bytecard','2006-01-10',4.1);
INSERT INTO "Cats" ("cat_id","cat_name","cat_birthday","cat_weight_lb") VALUES (169,'Andalax','2014-02-12',1.7);
INSERT INTO "Cats" ("cat_id","cat_name","cat_birthday","cat_weight_lb") VALUES (170,'Rank','2001-01-07',23.1);
INSERT INTO "Cats" ("cat_id","cat_name","cat_birthday","cat_weight_lb") VALUES (171,'Zathin','2006-04-14',11.7);
INSERT INTO "Cats" ("cat_id","cat_name","cat_birthday","cat_weight_lb") VALUES (172,'Matsoft','2002-06-27',17.3);
INSERT INTO "Cats" ("cat_id","cat_name","cat_birthday","cat_weight_lb") VALUES (173,'Domainer','2009-08-15',13.7);
INSERT INTO "Cats" ("cat_id","cat_name","cat_birthday","cat_weight_lb") VALUES (174,'Stronghold','2000-11-14',11.8);
INSERT INTO "Cats" ("cat_id","cat_name","cat_birthday","cat_weight_lb") VALUES (175,'Tres-Zap','2013-07-15',15.7);
INSERT INTO "Cats" ("cat_id","cat_name","cat_birthday","cat_weight_lb") VALUES (176,'Konklab','2015-02-14',7.6);
INSERT INTO "Cats" ("cat_id","cat_name","cat_birthday","cat_weight_lb") VALUES (177,'Alphazap','2015-04-29',9.8);
INSERT INTO "Cats" ("cat_id","cat_name","cat_birthday","cat_weight_lb") VALUES (178,'Vagram','2009-02-21',23.8);
INSERT INTO "Cats" ("cat_id","cat_name","cat_birthday","cat_weight_lb") VALUES (179,'Vagram','2002-04-18',21.4);
INSERT INTO "Cats" ("cat_id","cat_name","cat_birthday","cat_weight_lb") VALUES (180,'Duobam','2002-06-04',21.2);
INSERT INTO "Cats" ("cat_id","cat_name","cat_birthday","cat_weight_lb") VALUES (181,'Tres-Zap','2008-05-14',5.2);
INSERT INTO "Cats" ("cat_id","cat_name","cat_birthday","cat_weight_lb") VALUES (182,'Vagram','2012-02-05',4.3);
INSERT INTO "Cats" ("cat_id","cat_name","cat_birthday","cat_weight_lb") VALUES (183,'Konklux','2010-01-20',8.9);
INSERT INTO "Cats" ("cat_id","cat_name","cat_birthday","cat_weight_lb") VALUES (184,'Subin','2014-05-24',19.7);
INSERT INTO "Cats" ("cat_id","cat_name","cat_birthday","cat_weight_lb") VALUES (185,'Gembucket','2005-02-25',13.2);
INSERT INTO "Cats" ("cat_id","cat_name","cat_birthday","cat_weight_lb") VALUES (186,'Fix San','2001-09-17',18.6);
INSERT INTO "Cats" ("cat_id","cat_name","cat_birthday","cat_weight_lb") VALUES (187,'Job','2001-09-02',17.0);
INSERT INTO "Cats" ("cat_id","cat_name","cat_birthday","cat_weight_lb") VALUES (188,'Veribet','2001-06-21',8.2);
INSERT INTO "Cats" ("cat_id","cat_name","cat_birthday","cat_weight_lb") VALUES (189,'Zaam-Dox','2006-01-10',3.2);
INSERT INTO "Cats" ("cat_id","cat_name","cat_birthday","cat_weight_lb") VALUES (190,'Cardify','2014-04-09',13.3);
INSERT INTO "Cats" ("cat_id","cat_name","cat_birthday","cat_weight_lb") VALUES (191,'Aerified','2014-04-12',20.8);
INSERT INTO "Cats" ("cat_id","cat_name","cat_birthday","cat_weight_lb") VALUES (192,'Mat Lam Tam','2005-09-12',15.6);
INSERT INTO "Cats" ("cat_id","cat_name","cat_birthday","cat_weight_lb") VALUES (193,'Cardify','2003-11-27',22.0);
INSERT INTO "Cats" ("cat_id","cat_name","cat_birthday","cat_weight_lb") VALUES (194,'Solarbreeze','2010-06-22',2.2);
INSERT INTO "Cats" ("cat_id","cat_name","cat_birthday","cat_weight_lb") VALUES (195,'Greenlam','2008-04-29',18.8);
INSERT INTO "Cats" ("cat_id","cat_name","cat_birthday","cat_weight_lb") VALUES (196,'Wrapsafe','2002-11-29',19.3);
INSERT INTO "Cats" ("cat_id","cat_name","cat_birthday","cat_weight_lb") VALUES (197,'Otcom','2013-05-28',19.8);
INSERT INTO "Cats" ("cat_id","cat_name","cat_birthday","cat_weight_lb") VALUES (198,'Fintone','2015-02-01',5.1);
INSERT INTO "Cats" ("cat_id","cat_name","cat_birthday","cat_weight_lb") VALUES (199,'Fintone','2001-01-03',21.5);
INSERT INTO "Cats" ("cat_id","cat_name","cat_birthday","cat_weight_lb") VALUES (200,'Subin','2003-03-19',15.9);
INSERT INTO "Cats" ("cat_id","cat_name","cat_birthday","cat_weight_lb") VALUES (201,'Vagram','2011-03-20',12.0);
INSERT INTO "Cats" ("cat_id","cat_name","cat_birthday","cat_weight_lb") VALUES (202,'Transcof','2013-03-28',13.2);
INSERT INTO "Cats" ("cat_id","cat_name","cat_birthday","cat_weight_lb") VALUES (203,'Stringtough','2001-05-23',6.9);
INSERT INTO "Cats" ("cat_id","cat_name","cat_birthday","cat_weight_lb") VALUES (204,'Regrant','2010-05-23',13.3);
INSERT INTO "Cats" ("cat_id","cat_name","cat_birthday","cat_weight_lb") VALUES (205,'Zontrax','2000-03-26',1.6);
INSERT INTO "Cats" ("cat_id","cat_name","cat_birthday","cat_weight_lb") VALUES (206,'Greenlam','2008-07-23',7.8);
INSERT INTO "Cats" ("cat_id","cat_name","cat_birthday","cat_weight_lb") VALUES (207,'Quo Lux','2006-02-24',23.0);
INSERT INTO "Cats" ("cat_id","cat_name","cat_birthday","cat_weight_lb") VALUES (208,'Biodex','2001-06-15',1.7);
INSERT INTO "Cats" ("cat_id","cat_name","cat_birthday","cat_weight_lb") VALUES (209,'Konklux','2012-02-15',12.5);
INSERT INTO "Cats" ("cat_id","cat_name","cat_birthday","cat_weight_lb") VALUES (210,'Viva','2003-08-05',10.1);
INSERT INTO "Cats" ("cat_id","cat_name","cat_birthday","cat_weight_lb") VALUES (211,'Trippledex','2010-01-09',13.1);
INSERT INTO "Cats" ("cat_id","cat_name","cat_birthday","cat_weight_lb") VALUES (212,'Transcof','2014-05-25',7.8);
INSERT INTO "Cats" ("cat_id","cat_name","cat_birthday","cat_weight_lb") VALUES (213,'Fintone','2000-10-28',5.3);
INSERT INTO "Cats" ("cat_id","cat_name","cat_birthday","cat_weight_lb") VALUES (214,'Redhold','2000-08-27',24.8);
INSERT INTO "Cats" ("cat_id","cat_name","cat_birthday","cat_weight_lb") VALUES (215,'Tresom','2000-05-10',15.5);
INSERT INTO "Cats" ("cat_id","cat_name","cat_birthday","cat_weight_lb") VALUES (216,'Job','2004-05-10',1.4);
INSERT INTO "Cats" ("cat_id","cat_name","cat_birthday","cat_weight_lb") VALUES (217,'Bigtax','2005-10-25',16.6);
INSERT INTO "Cats" ("cat_id","cat_name","cat_birthday","cat_weight_lb") VALUES (218,'Ronstring','2013-10-09',22.6);
INSERT INTO "Cats" ("cat_id","cat_name","cat_birthday","cat_weight_lb") VALUES (219,'Bitchip','2013-04-22',17.3);
INSERT INTO "Cats" ("cat_id","cat_name","cat_birthday","cat_weight_lb") VALUES (220,'Aerified','2015-04-20',6.6);
INSERT INTO "Cats" ("cat_id","cat_name","cat_birthday","cat_weight_lb") VALUES (221,'Sonsing','2006-10-04',8.4);
INSERT INTO "Cats" ("cat_id","cat_name","cat_birthday","cat_weight_lb") VALUES (222,'Zaam-Dox','2003-01-13',22.9);
INSERT INTO "Cats" ("cat_id","cat_name","cat_birthday","cat_weight_lb") VALUES (223,'Duobam','2008-10-22',23.1);
INSERT INTO "Cats" ("cat_id","cat_name","cat_birthday","cat_weight_lb") VALUES (224,'Zaam-Dox','2007-03-30',7.8);
INSERT INTO "Cats" ("cat_id","cat_name","cat_birthday","cat_weight_lb") VALUES (225,'Voltsillam','2006-10-20',1.3);
INSERT INTO "Cats" ("cat_id","cat_name","cat_birthday","cat_weight_lb") VALUES (226,'Tresom','2006-12-19',8.1);
INSERT INTO "Cats" ("cat_id","cat_name","cat_birthday","cat_weight_lb") VALUES (227,'Y-find','2001-12-26',20.7);
INSERT INTO "Cats" ("cat_id","cat_name","cat_birthday","cat_weight_lb") VALUES (228,'Duobam','2006-10-16',11.3);
INSERT INTO "Cats" ("cat_id","cat_name","cat_birthday","cat_weight_lb") VALUES (229,'Span','2005-08-19',12.6);
INSERT INTO "Cats" ("cat_id","cat_name","cat_birthday","cat_weight_lb") VALUES (230,'Bytecard','2013-09-05',23.5);
INSERT INTO "Cats" ("cat_id","cat_name","cat_birthday","cat_weight_lb") VALUES (231,'Bitwolf','2015-06-04',18.1);
INSERT INTO "Cats" ("cat_id","cat_name","cat_birthday","cat_weight_lb") VALUES (232,'Stim','2007-02-02',1.3);
INSERT INTO "Cats" ("cat_id","cat_name","cat_birthday","cat_weight_lb") VALUES (233,'Fixflex','2013-10-27',20.6);
INSERT INTO "Cats" ("cat_id","cat_name","cat_birthday","cat_weight_lb") VALUES (234,'Tin','2015-08-17',5.2);
INSERT INTO "Cats" ("cat_id","cat_name","cat_birthday","cat_weight_lb") VALUES (235,'Zathin','2006-06-05',8.1);
INSERT INTO "Cats" ("cat_id","cat_name","cat_birthday","cat_weight_lb") VALUES (236,'Fixflex','2010-11-08',5.3);
INSERT INTO "Cats" ("cat_id","cat_name","cat_birthday","cat_weight_lb") VALUES (237,'Fixflex','2013-12-01',4.0);
INSERT INTO "Cats" ("cat_id","cat_name","cat_birthday","cat_weight_lb") VALUES (238,'Wrapsafe','2013-06-16',4.0);
INSERT INTO "Cats" ("cat_id","cat_name","cat_birthday","cat_weight_lb") VALUES (239,'Sonair','2004-01-07',14.6);
INSERT INTO "Cats" ("cat_id","cat_name","cat_birthday","cat_weight_lb") VALUES (240,'Aerified','2006-03-19',9.6);
INSERT INTO "Cats" ("cat_id","cat_name","cat_birthday","cat_weight_lb") VALUES (241,'Transcof','2013-09-04',21.9);
INSERT INTO "Cats" ("cat_id","cat_name","cat_birthday","cat_weight_lb") VALUES (242,'Alphazap','2008-06-19',8.9);
INSERT INTO "Cats" ("cat_id","cat_name","cat_birthday","cat_weight_lb") VALUES (243,'Namfix','2000-08-05',15.0);
INSERT INTO "Cats" ("cat_id","cat_name","cat_birthday","cat_weight_lb") VALUES (244,'Overhold','2003-07-02',10.9);
INSERT INTO "Cats" ("cat_id","cat_name","cat_birthday","cat_weight_lb") VALUES (245,'Subin','2005-10-06',9.1);
INSERT INTO "Cats" ("cat_id","cat_name","cat_birthday","cat_weight_lb") VALUES (246,'Fixflex','2011-08-10',7.8);
INSERT INTO "Cats" ("cat_id","cat_name","cat_birthday","cat_weight_lb") VALUES (247,'Y-Solowarm','2001-07-09',11.3);
INSERT INTO "Cats" ("cat_id","cat_name","cat_birthday","cat_weight_lb") VALUES (248,'Rank','2009-03-26',24.9);
INSERT INTO "Cats" ("cat_id","cat_name","cat_birthday","cat_weight_lb") VALUES (249,'Ventosanzap','2013-08-09',3.3);
INSERT INTO "Cats" ("cat_id","cat_name","cat_birthday","cat_weight_lb") VALUES (250,'Zontrax','2001-02-19',3.1);
INSERT INTO "Cats" ("cat_id","cat_name","cat_birthday","cat_weight_lb") VALUES (251,'Transcof','2001-01-01',6.9);
INSERT INTO "Cats" ("cat_id","cat_name","cat_birthday","cat_weight_lb") VALUES (252,'Cardguard','2003-11-09',16.8);
INSERT INTO "Cats" ("cat_id","cat_name","cat_birthday","cat_weight_lb") VALUES (253,'Temp','2007-01-23',11.4);
INSERT INTO "Cats" ("cat_id","cat_name","cat_birthday","cat_weight_lb") VALUES (254,'Matsoft','2005-06-11',11.8);
INSERT INTO "Cats" ("cat_id","cat_name","cat_birthday","cat_weight_lb") VALUES (255,'Trippledex','2004-12-11',22.0);
INSERT INTO "Cats" ("cat_id","cat_name","cat_birthday","cat_weight_lb") VALUES (256,'Span','2000-11-16',21.3);
INSERT INTO "Cats" ("cat_id","cat_name","cat_birthday","cat_weight_lb") VALUES (257,'Ventosanzap','2004-09-14',15.0);
INSERT INTO "Cats" ("cat_id","cat_name","cat_birthday","cat_weight_lb") VALUES (258,'Rank','2002-04-06',24.7);
INSERT INTO "Cats" ("cat_id","cat_name","cat_birthday","cat_weight_lb") VALUES (259,'Lotstring','2000-01-23',24.7);
INSERT INTO "Cats" ("cat_id","cat_name","cat_birthday","cat_weight_lb") VALUES (260,'Cookley','2001-09-25',23.9);
INSERT INTO "Cats" ("cat_id","cat_name","cat_birthday","cat_weight_lb") VALUES (261,'Wrapsafe','2014-11-02',12.3);
INSERT INTO "Cats" ("cat_id","cat_name","cat_birthday","cat_weight_lb") VALUES (262,'It','2007-09-23',18.3);
INSERT INTO "Cats" ("cat_id","cat_name","cat_birthday","cat_weight_lb") VALUES (263,'Zathin','2011-01-20',23.1);
INSERT INTO "Cats" ("cat_id","cat_name","cat_birthday","cat_weight_lb") VALUES (264,'Zontrax','2007-01-21',19.1);
INSERT INTO "Cats" ("cat_id","cat_name","cat_birthday","cat_weight_lb") VALUES (265,'Ventosanzap','2002-02-19',9.6);
INSERT INTO "Cats" ("cat_id","cat_name","cat_birthday","cat_weight_lb") VALUES (266,'Lotstring','2010-08-16',13.7);
INSERT INTO "Cats" ("cat_id","cat_name","cat_birthday","cat_weight_lb") VALUES (267,'Subin','2011-07-07',17.2);
INSERT INTO "Cats" ("cat_id","cat_name","cat_birthday","cat_weight_lb") VALUES (268,'Otcom','2006-06-04',24.4);
INSERT INTO "Cats" ("cat_id","cat_name","cat_birthday","cat_weight_lb") VALUES (269,'Bytecard','2003-11-09',6.5);
INSERT INTO "Cats" ("cat_id","cat_name","cat_birthday","cat_weight_lb") VALUES (270,'Quo Lux','2000-03-17',5.7);
INSERT INTO "Cats" ("cat_id","cat_name","cat_birthday","cat_weight_lb") VALUES (271,'Regrant','2000-08-02',22.1);
INSERT INTO "Cats" ("cat_id","cat_name","cat_birthday","cat_weight_lb") VALUES (272,'Fixflex','2003-07-31',2.0);
INSERT INTO "Cats" ("cat_id","cat_name","cat_birthday","cat_weight_lb") VALUES (273,'Temp','2012-11-10',1.9);
INSERT INTO "Cats" ("cat_id","cat_name","cat_birthday","cat_weight_lb") VALUES (274,'Konklux','2013-07-03',5.0);
INSERT INTO "Cats" ("cat_id","cat_name","cat_birthday","cat_weight_lb") VALUES (275,'Sonsing','2014-02-27',24.5);
INSERT INTO "Cats" ("cat_id","cat_name","cat_birthday","cat_weight_lb") VALUES (276,'Lotstring','2011-12-10',3.0);
INSERT INTO "Cats" ("cat_id","cat_name","cat_birthday","cat_weight_lb") VALUES (277,'Quo Lux','2001-06-22',22.9);
INSERT INTO "Cats" ("cat_id","cat_name","cat_birthday","cat_weight_lb") VALUES (278,'Transcof','2007-08-22',24.9);
INSERT INTO "Cats" ("cat_id","cat_name","cat_birthday","cat_weight_lb") VALUES (279,'Bytecard','2011-03-07',4.6);
INSERT INTO "Cats" ("cat_id","cat_name","cat_birthday","cat_weight_lb") VALUES (280,'Tampflex','2004-08-25',20.3);
INSERT INTO "Cats" ("cat_id","cat_name","cat_birthday","cat_weight_lb") VALUES (281,'Bitwolf','2008-09-02',15.3);
INSERT INTO "Cats" ("cat_id","cat_name","cat_birthday","cat_weight_lb") VALUES (282,'Cardguard','2008-03-08',11.8);
INSERT INTO "Cats" ("cat_id","cat_name","cat_birthday","cat_weight_lb") VALUES (283,'Fintone','2000-04-09',24.7);
INSERT INTO "Cats" ("cat_id","cat_name","cat_birthday","cat_weight_lb") VALUES (284,'Treeflex','2000-07-20',12.1);
INSERT INTO "Cats" ("cat_id","cat_name","cat_birthday","cat_weight_lb") VALUES (285,'Job','2010-05-03',6.5);
INSERT INTO "Cats" ("cat_id","cat_name","cat_birthday","cat_weight_lb") VALUES (286,'Alpha','2010-08-29',22.5);
INSERT INTO "Cats" ("cat_id","cat_name","cat_birthday","cat_weight_lb") VALUES (287,'Fintone','2012-12-24',4.0);
INSERT INTO "Cats" ("cat_id","cat_name","cat_birthday","cat_weight_lb") VALUES (288,'Stringtough','2005-06-28',15.7);
INSERT INTO "Cats" ("cat_id","cat_name","cat_birthday","cat_weight_lb") VALUES (289,'Zaam-Dox','2003-10-11',16.0);
INSERT INTO "Cats" ("cat_id","cat_name","cat_birthday","cat_weight_lb") VALUES (290,'Ventosanzap','2015-09-02',15.2);
INSERT INTO "Cats" ("cat_id","cat_name","cat_birthday","cat_weight_lb") VALUES (291,'Cardguard','2007-05-20',1.1);
INSERT INTO "Cats" ("cat_id","cat_name","cat_birthday","cat_weight_lb") VALUES (292,'Voltsillam','2011-08-08',5.0);
INSERT INTO "Cats" ("cat_id","cat_name","cat_birthday","cat_weight_lb") VALUES (293,'Lotlux','2010-02-26',16.0);
INSERT INTO "Cats" ("cat_id","cat_name","cat_birthday","cat_weight_lb") VALUES (294,'Holdlamis','2004-12-03',15.3);
INSERT INTO "Cats" ("cat_id","cat_name","cat_birthday","cat_weight_lb") VALUES (295,'Regrant','2004-04-16',4.9);
INSERT INTO "Cats" ("cat_id","cat_name","cat_birthday","cat_weight_lb") VALUES (296,'Flexidy','2000-11-15',18.7);
INSERT INTO "Cats" ("cat_id","cat_name","cat_birthday","cat_weight_lb") VALUES (297,'Trippledex','2000-04-13',1.9);
INSERT INTO "Cats" ("cat_id","cat_name","cat_birthday","cat_weight_lb") VALUES (298,'Gembucket','2010-02-16',4.1);
INSERT INTO "Cats" ("cat_id","cat_name","cat_birthday","cat_weight_lb") VALUES (299,'Viva','2000-04-22',23.5);
INSERT INTO "Cats" ("cat_id","cat_name","cat_birthday","cat_weight_lb") VALUES (300,'Bamity','2005-02-27',5.3);
INSERT INTO "Cats" ("cat_id","cat_name","cat_birthday","cat_weight_lb") VALUES (301,'Transcof','2012-05-15',5.7);
INSERT INTO "Cats" ("cat_id","cat_name","cat_birthday","cat_weight_lb") VALUES (302,'Prodder','2002-01-19',14.0);
INSERT INTO "Cats" ("cat_id","cat_name","cat_birthday","cat_weight_lb") VALUES (303,'Bitwolf','2008-03-02',23.4);
INSERT INTO "Cats" ("cat_id","cat_name","cat_birthday","cat_weight_lb") VALUES (304,'Solarbreeze','2012-01-21',10.2);
INSERT INTO "Cats" ("cat_id","cat_name","cat_birthday","cat_weight_lb") VALUES (305,'Lotlux','2008-10-19',10.7);
INSERT INTO "Cats" ("cat_id","cat_name","cat_birthday","cat_weight_lb") VALUES (306,'Bytecard','2002-05-11',14.3);
INSERT INTO "Cats" ("cat_id","cat_name","cat_birthday","cat_weight_lb") VALUES (307,'Keylex','2001-07-25',9.7);
INSERT INTO "Cats" ("cat_id","cat_name","cat_birthday","cat_weight_lb") VALUES (308,'Trippledex','2003-04-03',17.0);
INSERT INTO "Cats" ("cat_id","cat_name","cat_birthday","cat_weight_lb") VALUES (309,'Tampflex','2008-02-27',20.5);
INSERT INTO "Cats" ("cat_id","cat_name","cat_birthday","cat_weight_lb") VALUES (310,'Y-Solowarm','2013-03-23',13.6);
INSERT INTO "Cats" ("cat_id","cat_name","cat_birthday","cat_weight_lb") VALUES (311,'Alphazap','2006-03-06',8.6);
INSERT INTO "Cats" ("cat_id","cat_name","cat_birthday","cat_weight_lb") VALUES (312,'Tempsoft','2015-05-28',2.1);
INSERT INTO "Cats" ("cat_id","cat_name","cat_birthday","cat_weight_lb") VALUES (313,'Job','2008-12-15',16.6);
INSERT INTO "Cats" ("cat_id","cat_name","cat_birthday","cat_weight_lb") VALUES (314,'Redhold','2008-07-09',12.7);
INSERT INTO "Cats" ("cat_id","cat_name","cat_birthday","cat_weight_lb") VALUES (315,'Greenlam','2001-05-06',16.1);
INSERT INTO "Cats" ("cat_id","cat_name","cat_birthday","cat_weight_lb") VALUES (316,'Tampflex','2015-02-15',22.0);
INSERT INTO "Cats" ("cat_id","cat_name","cat_birthday","cat_weight_lb") VALUES (317,'Span','2000-05-30',6.1);
INSERT INTO "Cats" ("cat_id","cat_name","cat_birthday","cat_weight_lb") VALUES (318,'Greenlam','2007-06-17',14.3);
INSERT INTO "Cats" ("cat_id","cat_name","cat_birthday","cat_weight_lb") VALUES (319,'Tres-Zap','2014-01-05',19.1);
INSERT INTO "Cats" ("cat_id","cat_name","cat_birthday","cat_weight_lb") VALUES (320,'Tampflex','2006-01-12',3.7);
INSERT INTO "Cats" ("cat_id","cat_name","cat_birthday","cat_weight_lb") VALUES (321,'Wrapsafe','2007-05-14',23.7);
INSERT INTO "Cats" ("cat_id","cat_name","cat_birthday","cat_weight_lb") VALUES (322,'Lotstring','2001-06-13',11.7);
INSERT INTO "Cats" ("cat_id","cat_name","cat_birthday","cat_weight_lb") VALUES (323,'Tampflex','2014-11-05',5.8);
INSERT INTO "Cats" ("cat_id","cat_name","cat_birthday","cat_weight_lb") VALUES (324,'Latlux','2011-06-10',10.3);
INSERT INTO "Cats" ("cat_id","cat_name","cat_birthday","cat_weight_lb") VALUES (325,'Transcof','2009-07-07',11.7);
INSERT INTO "Cats" ("cat_id","cat_name","cat_birthday","cat_weight_lb") VALUES (326,'Keylex','2007-05-04',19.3);
INSERT INTO "Cats" ("cat_id","cat_name","cat_birthday","cat_weight_lb") VALUES (327,'Sonsing','2012-10-31',10.8);
INSERT INTO "Cats" ("cat_id","cat_name","cat_birthday","cat_weight_lb") VALUES (328,'Tempsoft','2013-08-01',19.9);
INSERT INTO "Cats" ("cat_id","cat_name","cat_birthday","cat_weight_lb") VALUES (329,'Bamity','2013-07-19',19.7);
INSERT INTO "Cats" ("cat_id","cat_name","cat_birthday","cat_weight_lb") VALUES (330,'Andalax','2013-12-03',19.0);
INSERT INTO "Cats" ("cat_id","cat_name","cat_birthday","cat_weight_lb") VALUES (331,'Subin','2000-01-29',18.2);
INSERT INTO "Cats" ("cat_id","cat_name","cat_birthday","cat_weight_lb") VALUES (332,'Sub-Ex','2012-08-06',8.6);
INSERT INTO "Cats" ("cat_id","cat_name","cat_birthday","cat_weight_lb") VALUES (333,'Sub-Ex','2003-01-24',19.7);
INSERT INTO "Cats" ("cat_id","cat_name","cat_birthday","cat_weight_lb") VALUES (334,'Cookley','2012-03-30',16.6);
INSERT INTO "Cats" ("cat_id","cat_name","cat_birthday","cat_weight_lb") VALUES (335,'Pannier','2004-09-16',15.9);
INSERT INTO "Cats" ("cat_id","cat_name","cat_birthday","cat_weight_lb") VALUES (336,'Gembucket','2011-10-31',13.9);
INSERT INTO "Cats" ("cat_id","cat_name","cat_birthday","cat_weight_lb") VALUES (337,'Otcom','2010-05-30',17.8);
INSERT INTO "Cats" ("cat_id","cat_name","cat_birthday","cat_weight_lb") VALUES (338,'Stringtough','2011-09-18',12.2);
INSERT INTO "Cats" ("cat_id","cat_name","cat_birthday","cat_weight_lb") VALUES (339,'Tempsoft','2006-01-06',24.3);
INSERT INTO "Cats" ("cat_id","cat_name","cat_birthday","cat_weight_lb") VALUES (340,'Zoolab','2000-10-09',1.5);
INSERT INTO "Cats" ("cat_id","cat_name","cat_birthday","cat_weight_lb") VALUES (341,'Duobam','2009-12-04',23.9);
INSERT INTO "Cats" ("cat_id","cat_name","cat_birthday","cat_weight_lb") VALUES (342,'Bitwolf','2005-10-29',7.1);
INSERT INTO "Cats" ("cat_id","cat_name","cat_birthday","cat_weight_lb") VALUES (343,'Greenlam','2012-02-04',12.5);
INSERT INTO "Cats" ("cat_id","cat_name","cat_birthday","cat_weight_lb") VALUES (344,'Sonair','2003-08-29',6.2);
INSERT INTO "Cats" ("cat_id","cat_name","cat_birthday","cat_weight_lb") VALUES (345,'Ventosanzap','2015-03-01',14.2);
INSERT INTO "Cats" ("cat_id","cat_name","cat_birthday","cat_weight_lb") VALUES (346,'Biodex','2015-07-16',1.5);
INSERT INTO "Cats" ("cat_id","cat_name","cat_birthday","cat_weight_lb") VALUES (347,'Konklux','2000-01-17',2.0);
INSERT INTO "Cats" ("cat_id","cat_name","cat_birthday","cat_weight_lb") VALUES (348,'Latlux','2011-08-31',10.6);
INSERT INTO "Cats" ("cat_id","cat_name","cat_birthday","cat_weight_lb") VALUES (349,'Bytecard','2005-06-08',22.8);
INSERT INTO "Cats" ("cat_id","cat_name","cat_birthday","cat_weight_lb") VALUES (350,'Stim','2011-07-14',14.8);
INSERT INTO "Cats" ("cat_id","cat_name","cat_birthday","cat_weight_lb") VALUES (351,'Zamit','2011-01-18',22.6);
INSERT INTO "Cats" ("cat_id","cat_name","cat_birthday","cat_weight_lb") VALUES (352,'Kanlam','2001-04-28',2.5);
INSERT INTO "Cats" ("cat_id","cat_name","cat_birthday","cat_weight_lb") VALUES (353,'Gembucket','2009-02-10',5.3);
INSERT INTO "Cats" ("cat_id","cat_name","cat_birthday","cat_weight_lb") VALUES (354,'Subin','2007-10-15',22.3);
INSERT INTO "Cats" ("cat_id","cat_name","cat_birthday","cat_weight_lb") VALUES (355,'Ventosanzap','2009-04-27',3.0);
INSERT INTO "Cats" ("cat_id","cat_name","cat_birthday","cat_weight_lb") VALUES (356,'Voltsillam','2015-01-06',24.6);
INSERT INTO "Cats" ("cat_id","cat_name","cat_birthday","cat_weight_lb") VALUES (357,'Alpha','2012-08-09',17.8);
INSERT INTO "Cats" ("cat_id","cat_name","cat_birthday","cat_weight_lb") VALUES (358,'Aerified','2007-08-27',5.6);
INSERT INTO "Cats" ("cat_id","cat_name","cat_birthday","cat_weight_lb") VALUES (359,'Prodder','2014-10-22',17.1);
INSERT INTO "Cats" ("cat_id","cat_name","cat_birthday","cat_weight_lb") VALUES (360,'Treeflex','2006-01-22',2.4);
INSERT INTO "Cats" ("cat_id","cat_name","cat_birthday","cat_weight_lb") VALUES (361,'Cardify','2015-04-07',14.3);
INSERT INTO "Cats" ("cat_id","cat_name","cat_birthday","cat_weight_lb") VALUES (362,'Kanlam','2004-10-04',2.4);
INSERT INTO "Cats" ("cat_id","cat_name","cat_birthday","cat_weight_lb") VALUES (363,'Opela','2015-08-09',9.1);
INSERT INTO "Cats" ("cat_id","cat_name","cat_birthday","cat_weight_lb") VALUES (364,'Bitchip','2001-04-25',4.3);
INSERT INTO "Cats" ("cat_id","cat_name","cat_birthday","cat_weight_lb") VALUES (365,'Treeflex','2015-06-15',15.5);
INSERT INTO "Cats" ("cat_id","cat_name","cat_birthday","cat_weight_lb") VALUES (366,'Tres-Zap','2004-03-07',21.7);
INSERT INTO "Cats" ("cat_id","cat_name","cat_birthday","cat_weight_lb") VALUES (367,'Gembucket','2003-06-21',3.6);
INSERT INTO "Cats" ("cat_id","cat_name","cat_birthday","cat_weight_lb") VALUES (368,'Regrant','2006-03-23',8.0);
INSERT INTO "Cats" ("cat_id","cat_name","cat_birthday","cat_weight_lb") VALUES (369,'Viva','2014-11-28',22.3);
INSERT INTO "Cats" ("cat_id","cat_name","cat_birthday","cat_weight_lb") VALUES (370,'Bigtax','2012-06-21',17.6);
INSERT INTO "Cats" ("cat_id","cat_name","cat_birthday","cat_weight_lb") VALUES (371,'Stringtough','2008-02-18',20.0);
INSERT INTO "Cats" ("cat_id","cat_name","cat_birthday","cat_weight_lb") VALUES (372,'Zaam-Dox','2001-01-06',14.6);
INSERT INTO "Cats" ("cat_id","cat_name","cat_birthday","cat_weight_lb") VALUES (373,'Voyatouch','2000-04-25',10.4);
INSERT INTO "Cats" ("cat_id","cat_name","cat_birthday","cat_weight_lb") VALUES (374,'Tempsoft','2003-11-17',14.3);
INSERT INTO "Cats" ("cat_id","cat_name","cat_birthday","cat_weight_lb") VALUES (375,'Veribet','2012-04-21',4.9);
INSERT INTO "Cats" ("cat_id","cat_name","cat_birthday","cat_weight_lb") VALUES (376,'Toughjoyfax','2000-07-25',5.2);
INSERT INTO "Cats" ("cat_id","cat_name","cat_birthday","cat_weight_lb") VALUES (377,'Fix San','2001-03-30',19.7);
INSERT INTO "Cats" ("cat_id","cat_name","cat_birthday","cat_weight_lb") VALUES (378,'Cookley','2001-12-21',15.1);
INSERT INTO "Cats" ("cat_id","cat_name","cat_birthday","cat_weight_lb") VALUES (379,'Lotlux','2005-04-20',15.4);
INSERT INTO "Cats" ("cat_id","cat_name","cat_birthday","cat_weight_lb") VALUES (380,'Zathin','2015-02-05',13.3);
INSERT INTO "Cats" ("cat_id","cat_name","cat_birthday","cat_weight_lb") VALUES (381,'Lotlux','2005-05-17',20.1);
INSERT INTO "Cats" ("cat_id","cat_name","cat_birthday","cat_weight_lb") VALUES (382,'Latlux','2005-04-23',21.7);
INSERT INTO "Cats" ("cat_id","cat_name","cat_birthday","cat_weight_lb") VALUES (383,'Subin','2011-06-14',16.9);
INSERT INTO "Cats" ("cat_id","cat_name","cat_birthday","cat_weight_lb") VALUES (384,'Namfix','2006-06-19',9.0);
INSERT INTO "Cats" ("cat_id","cat_name","cat_birthday","cat_weight_lb") VALUES (385,'Trippledex','2000-01-17',7.9);
INSERT INTO "Cats" ("cat_id","cat_name","cat_birthday","cat_weight_lb") VALUES (386,'Sonsing','2008-12-25',2.5);
INSERT INTO "Cats" ("cat_id","cat_name","cat_birthday","cat_weight_lb") VALUES (387,'Wrapsafe','2006-11-12',23.2);
INSERT INTO "Cats" ("cat_id","cat_name","cat_birthday","cat_weight_lb") VALUES (388,'Keylex','2010-10-17',13.0);
INSERT INTO "Cats" ("cat_id","cat_name","cat_birthday","cat_weight_lb") VALUES (389,'Aerified','2007-03-30',7.0);
INSERT INTO "Cats" ("cat_id","cat_name","cat_birthday","cat_weight_lb") VALUES (390,'Andalax','2010-02-15',5.5);
INSERT INTO "Cats" ("cat_id","cat_name","cat_birthday","cat_weight_lb") VALUES (391,'Veribet','2002-06-20',2.7);
INSERT INTO "Cats" ("cat_id","cat_name","cat_birthday","cat_weight_lb") VALUES (392,'Voyatouch','2008-06-26',18.0);
INSERT INTO "Cats" ("cat_id","cat_name","cat_birthday","cat_weight_lb") VALUES (393,'Job','2012-01-27',10.2);
INSERT INTO "Cats" ("cat_id","cat_name","cat_birthday","cat_weight_lb") VALUES (394,'Otcom','2010-09-12',8.5);
INSERT INTO "Cats" ("cat_id","cat_name","cat_birthday","cat_weight_lb") VALUES (395,'Domainer','2005-01-15',12.2);
INSERT INTO "Cats" ("cat_id","cat_name","cat_birthday","cat_weight_lb") VALUES (396,'Mat Lam Tam','2010-12-20',15.9);
INSERT INTO "Cats" ("cat_id","cat_name","cat_birthday","cat_weight_lb") VALUES (397,'Bitchip','2002-02-14',18.7);
INSERT INTO "Cats" ("cat_id","cat_name","cat_birthday","cat_weight_lb") VALUES (398,'Tempsoft','2015-08-10',15.3);
INSERT INTO "Cats" ("cat_id","cat_name","cat_birthday","cat_weight_lb") VALUES (399,'Veribet','2000-03-29',18.1);
INSERT INTO "Cats" ("cat_id","cat_name","cat_birthday","cat_weight_lb") VALUES (400,'Andalax','2000-06-19',5.2);
INSERT INTO "Cats" ("cat_id","cat_name","cat_birthday","cat_weight_lb") VALUES (401,'Stringtough','2000-10-07',10.9);
INSERT INTO "Cats" ("cat_id","cat_name","cat_birthday","cat_weight_lb") VALUES (402,'Bigtax','2003-05-03',7.4);
INSERT INTO "Cats" ("cat_id","cat_name","cat_birthday","cat_weight_lb") VALUES (403,'Tres-Zap','2012-04-06',11.1);
INSERT INTO "Cats" ("cat_id","cat_name","cat_birthday","cat_weight_lb") VALUES (404,'Wrapsafe','2003-04-03',19.2);
INSERT INTO "Cats" ("cat_id","cat_name","cat_birthday","cat_weight_lb") VALUES (405,'Y-find','2001-01-09',22.6);
INSERT INTO "Cats" ("cat_id","cat_name","cat_birthday","cat_weight_lb") VALUES (406,'Span','2013-03-10',7.7);
INSERT INTO "Cats" ("cat_id","cat_name","cat_birthday","cat_weight_lb") VALUES (407,'Bitchip','2013-01-14',8.4);
INSERT INTO "Cats" ("cat_id","cat_name","cat_birthday","cat_weight_lb") VALUES (408,'Span','2007-08-23',1.2);
INSERT INTO "Cats" ("cat_id","cat_name","cat_birthday","cat_weight_lb") VALUES (409,'Quo Lux','2005-09-17',5.9);
INSERT INTO "Cats" ("cat_id","cat_name","cat_birthday","cat_weight_lb") VALUES (410,'Y-find','2006-07-28',5.8);
INSERT INTO "Cats" ("cat_id","cat_name","cat_birthday","cat_weight_lb") VALUES (411,'Sub-Ex','2004-04-14',17.5);
INSERT INTO "Cats" ("cat_id","cat_name","cat_birthday","cat_weight_lb") VALUES (412,'Bamity','2000-12-05',22.3);
INSERT INTO "Cats" ("cat_id","cat_name","cat_birthday","cat_weight_lb") VALUES (413,'Stronghold','2001-09-05',5.4);
INSERT INTO "Cats" ("cat_id","cat_name","cat_birthday","cat_weight_lb") VALUES (414,'Mat Lam Tam','2009-09-12',16.0);
INSERT INTO "Cats" ("cat_id","cat_name","cat_birthday","cat_weight_lb") VALUES (415,'Y-find','2007-11-06',9.4);
INSERT INTO "Cats" ("cat_id","cat_name","cat_birthday","cat_weight_lb") VALUES (416,'Stronghold','2000-04-02',23.0);
INSERT INTO "Cats" ("cat_id","cat_name","cat_birthday","cat_weight_lb") VALUES (417,'Asoka','2008-04-11',12.0);
INSERT INTO "Cats" ("cat_id","cat_name","cat_birthday","cat_weight_lb") VALUES (418,'Opela','2008-01-14',14.8);
INSERT INTO "Cats" ("cat_id","cat_name","cat_birthday","cat_weight_lb") VALUES (419,'It','2013-03-12',4.3);
INSERT INTO "Cats" ("cat_id","cat_name","cat_birthday","cat_weight_lb") VALUES (420,'Alphazap','2000-03-04',3.0);
INSERT INTO "Cats" ("cat_id","cat_name","cat_birthday","cat_weight_lb") VALUES (421,'Cookley','2003-07-11',22.1);
INSERT INTO "Cats" ("cat_id","cat_name","cat_birthday","cat_weight_lb") VALUES (422,'Vagram','2002-04-05',19.9);
INSERT INTO "Cats" ("cat_id","cat_name","cat_birthday","cat_weight_lb") VALUES (423,'Alpha','2010-10-21',9.5);
INSERT INTO "Cats" ("cat_id","cat_name","cat_birthday","cat_weight_lb") VALUES (424,'Duobam','2013-08-16',6.4);
INSERT INTO "Cats" ("cat_id","cat_name","cat_birthday","cat_weight_lb") VALUES (425,'Zontrax','2009-06-09',20.3);
INSERT INTO "Cats" ("cat_id","cat_name","cat_birthday","cat_weight_lb") VALUES (426,'Gembucket','2010-05-22',11.0);
INSERT INTO "Cats" ("cat_id","cat_name","cat_birthday","cat_weight_lb") VALUES (427,'Sonair','2004-06-06',6.7);
INSERT INTO "Cats" ("cat_id","cat_name","cat_birthday","cat_weight_lb") VALUES (428,'Temp','2015-02-11',1.6);
INSERT INTO "Cats" ("cat_id","cat_name","cat_birthday","cat_weight_lb") VALUES (429,'Zoolab','2014-04-18',7.8);
INSERT INTO "Cats" ("cat_id","cat_name","cat_birthday","cat_weight_lb") VALUES (430,'It','2011-07-30',3.5);
INSERT INTO "Cats" ("cat_id","cat_name","cat_birthday","cat_weight_lb") VALUES (431,'Asoka','2000-12-10',12.2);
INSERT INTO "Cats" ("cat_id","cat_name","cat_birthday","cat_weight_lb") VALUES (432,'Cardguard','2003-08-26',11.1);
INSERT INTO "Cats" ("cat_id","cat_name","cat_birthday","cat_weight_lb") VALUES (433,'Latlux','2001-07-09',14.1);
INSERT INTO "Cats" ("cat_id","cat_name","cat_birthday","cat_weight_lb") VALUES (434,'Toughjoyfax','2002-04-14',4.0);
INSERT INTO "Cats" ("cat_id","cat_name","cat_birthday","cat_weight_lb") VALUES (435,'Overhold','2008-09-03',4.6);
INSERT INTO "Cats" ("cat_id","cat_name","cat_birthday","cat_weight_lb") VALUES (436,'Cardguard','2013-07-05',4.0);
INSERT INTO "Cats" ("cat_id","cat_name","cat_birthday","cat_weight_lb") VALUES (437,'Sub-Ex','2002-11-12',5.3);
INSERT INTO "Cats" ("cat_id","cat_name","cat_birthday","cat_weight_lb") VALUES (438,'Tampflex','2015-08-08',4.7);
INSERT INTO "Cats" ("cat_id","cat_name","cat_birthday","cat_weight_lb") VALUES (439,'Fix San','2015-08-29',12.3);
INSERT INTO "Cats" ("cat_id","cat_name","cat_birthday","cat_weight_lb") VALUES (440,'It','2000-08-08',11.5);
INSERT INTO "Cats" ("cat_id","cat_name","cat_birthday","cat_weight_lb") VALUES (441,'Tres-Zap','2015-05-16',15.1);
INSERT INTO "Cats" ("cat_id","cat_name","cat_birthday","cat_weight_lb") VALUES (442,'Bitchip','2012-07-14',17.4);
INSERT INTO "Cats" ("cat_id","cat_name","cat_birthday","cat_weight_lb") VALUES (443,'Regrant','2007-12-27',17.6);
INSERT INTO "Cats" ("cat_id","cat_name","cat_birthday","cat_weight_lb") VALUES (444,'Tresom','2012-05-19',2.5);
INSERT INTO "Cats" ("cat_id","cat_name","cat_birthday","cat_weight_lb") VALUES (445,'Hatity','2007-03-01',12.9);
INSERT INTO "Cats" ("cat_id","cat_name","cat_birthday","cat_weight_lb") VALUES (446,'Daltfresh','2011-02-06',7.8);
INSERT INTO "Cats" ("cat_id","cat_name","cat_birthday","cat_weight_lb") VALUES (447,'Opela','2005-12-05',22.0);
INSERT INTO "Cats" ("cat_id","cat_name","cat_birthday","cat_weight_lb") VALUES (448,'Hatity','2002-01-13',5.4);
INSERT INTO "Cats" ("cat_id","cat_name","cat_birthday","cat_weight_lb") VALUES (449,'Cardify','2005-04-23',7.0);
INSERT INTO "Cats" ("cat_id","cat_name","cat_birthday","cat_weight_lb") VALUES (450,'Job','2004-09-04',11.9);
INSERT INTO "Cats" ("cat_id","cat_name","cat_birthday","cat_weight_lb") VALUES (451,'Cardguard','2009-06-17',23.9);
INSERT INTO "Cats" ("cat_id","cat_name","cat_birthday","cat_weight_lb") VALUES (452,'Mat Lam Tam','2004-06-29',7.8);
INSERT INTO "Cats" ("cat_id","cat_name","cat_birthday","cat_weight_lb") VALUES (453,'Quo Lux','2003-01-10',15.2);
INSERT INTO "Cats" ("cat_id","cat_name","cat_birthday","cat_weight_lb") VALUES (454,'Subin','2009-05-16',10.7);
INSERT INTO "Cats" ("cat_id","cat_name","cat_birthday","cat_weight_lb") VALUES (455,'Sub-Ex','2001-01-28',9.0);
INSERT INTO "Cats" ("cat_id","cat_name","cat_birthday","cat_weight_lb") VALUES (456,'Zontrax','2002-05-31',23.3);
INSERT INTO "Cats" ("cat_id","cat_name","cat_birthday","cat_weight_lb") VALUES (457,'Stim','2006-05-15',13.6);
INSERT INTO "Cats" ("cat_id","cat_name","cat_birthday","cat_weight_lb") VALUES (458,'Andalax','2006-08-01',21.8);
INSERT INTO "Cats" ("cat_id","cat_name","cat_birthday","cat_weight_lb") VALUES (459,'Prodder','2003-02-11',14.6);
INSERT INTO "Cats" ("cat_id","cat_name","cat_birthday","cat_weight_lb") VALUES (460,'Job','2003-08-19',20.7);
INSERT INTO "Cats" ("cat_id","cat_name","cat_birthday","cat_weight_lb") VALUES (461,'Stringtough','2011-03-17',7.8);
INSERT INTO "Cats" ("cat_id","cat_name","cat_birthday","cat_weight_lb") VALUES (462,'Stronghold','2009-05-23',2.7);
INSERT INTO "Cats" ("cat_id","cat_name","cat_birthday","cat_weight_lb") VALUES (463,'Pannier','2006-10-07',10.8);
INSERT INTO "Cats" ("cat_id","cat_name","cat_birthday","cat_weight_lb") VALUES (464,'Cardguard','2009-05-07',24.6);
INSERT INTO "Cats" ("cat_id","cat_name","cat_birthday","cat_weight_lb") VALUES (465,'Tin','2001-09-02',24.4);
INSERT INTO "Cats" ("cat_id","cat_name","cat_birthday","cat_weight_lb") VALUES (466,'Otcom','2002-06-12',19.9);
INSERT INTO "Cats" ("cat_id","cat_name","cat_birthday","cat_weight_lb") VALUES (467,'Asoka','2006-04-11',18.3);
INSERT INTO "Cats" ("cat_id","cat_name","cat_birthday","cat_weight_lb") VALUES (468,'Zoolab','2012-07-19',12.9);
INSERT INTO "Cats" ("cat_id","cat_name","cat_birthday","cat_weight_lb") VALUES (469,'Bamity','2007-06-03',3.5);
INSERT INTO "Cats" ("cat_id","cat_name","cat_birthday","cat_weight_lb") VALUES (470,'Stringtough','2001-07-10',2.4);
INSERT INTO "Cats" ("cat_id","cat_name","cat_birthday","cat_weight_lb") VALUES (471,'Overhold','2004-05-03',7.3);
INSERT INTO "Cats" ("cat_id","cat_name","cat_birthday","cat_weight_lb") VALUES (472,'Transcof','2014-04-11',12.7);
INSERT INTO "Cats" ("cat_id","cat_name","cat_birthday","cat_weight_lb") VALUES (473,'Zoolab','2011-01-15',21.6);
INSERT INTO "Cats" ("cat_id","cat_name","cat_birthday","cat_weight_lb") VALUES (474,'Latlux','2004-08-23',9.9);
INSERT INTO "Cats" ("cat_id","cat_name","cat_birthday","cat_weight_lb") VALUES (475,'Otcom','2014-10-21',20.3);
INSERT INTO "Cats" ("cat_id","cat_name","cat_birthday","cat_weight_lb") VALUES (476,'Bitchip','2014-12-25',15.5);
INSERT INTO "Cats" ("cat_id","cat_name","cat_birthday","cat_weight_lb") VALUES (477,'Alpha','2002-04-17',24.5);
INSERT INTO "Cats" ("cat_id","cat_name","cat_birthday","cat_weight_lb") VALUES (478,'Y-Solowarm','2007-12-22',7.6);
INSERT INTO "Cats" ("cat_id","cat_name","cat_birthday","cat_weight_lb") VALUES (479,'Treeflex','2010-07-17',10.3);
INSERT INTO "Cats" ("cat_id","cat_name","cat_birthday","cat_weight_lb") VALUES (480,'Vagram','2006-09-18',6.8);
INSERT INTO "Cats" ("cat_id","cat_name","cat_birthday","cat_weight_lb") VALUES (481,'Stringtough','2009-05-28',11.2);
INSERT INTO "Cats" ("cat_id","cat_name","cat_birthday","cat_weight_lb") VALUES (482,'Job','2004-08-01',13.1);
INSERT INTO "Cats" ("cat_id","cat_name","cat_birthday","cat_weight_lb") VALUES (483,'Voltsillam','2001-06-09',21.4);
INSERT INTO "Cats" ("cat_id","cat_name","cat_birthday","cat_weight_lb") VALUES (484,'Trippledex','2008-09-26',19.9);
INSERT INTO "Cats" ("cat_id","cat_name","cat_birthday","cat_weight_lb") VALUES (485,'Tres-Zap','2013-03-06',11.2);
INSERT INTO "Cats" ("cat_id","cat_name","cat_birthday","cat_weight_lb") VALUES (486,'Aerified','2001-06-13',11.9);
INSERT INTO "Cats" ("cat_id","cat_name","cat_birthday","cat_weight_lb") VALUES (487,'Aerified','2013-04-06',14.0);
INSERT INTO "Cats" ("cat_id","cat_name","cat_birthday","cat_weight_lb") VALUES (488,'Zontrax','2010-07-20',15.5);
INSERT INTO "Cats" ("cat_id","cat_name","cat_birthday","cat_weight_lb") VALUES (489,'Aerified','2011-07-09',8.1);
INSERT INTO "Cats" ("cat_id","cat_name","cat_birthday","cat_weight_lb") VALUES (490,'Bitwolf','2004-02-01',19.9);
INSERT INTO "Cats" ("cat_id","cat_name","cat_birthday","cat_weight_lb") VALUES (491,'Pannier','2006-06-07',6.7);
INSERT INTO "Cats" ("cat_id","cat_name","cat_birthday","cat_weight_lb") VALUES (492,'Trippledex','2002-02-14',6.1);
INSERT INTO "Cats" ("cat_id","cat_name","cat_birthday","cat_weight_lb") VALUES (493,'Latlux','2011-09-11',12.1);
INSERT INTO "Cats" ("cat_id","cat_name","cat_birthday","cat_weight_lb") VALUES (494,'Aerified','2014-09-14',9.0);
INSERT INTO "Cats" ("cat_id","cat_name","cat_birthday","cat_weight_lb") VALUES (495,'Bigtax','2004-02-11',13.8);
INSERT INTO "Cats" ("cat_id","cat_name","cat_birthday","cat_weight_lb") VALUES (496,'Ventosanzap','2006-06-13',10.4);
INSERT INTO "Cats" ("cat_id","cat_name","cat_birthday","cat_weight_lb") VALUES (497,'Alphazap','2000-04-20',23.0);
INSERT INTO "Cats" ("cat_id","cat_name","cat_birthday","cat_weight_lb") VALUES (498,'Overhold','2014-01-11',19.7);
INSERT INTO "Cats" ("cat_id","cat_name","cat_birthday","cat_weight_lb") VALUES (499,'Hatity','2004-12-01',5.6);
INSERT INTO "Cats" ("cat_id","cat_name","cat_birthday","cat_weight_lb") VALUES (500,'Veribet','2013-03-24',15.9);
INSERT INTO "Adopts" ("user_id","cat_id","adoption_date") VALUES (123,178,'2021-07-21');
INSERT INTO "Adopts" ("user_id","cat_id","adoption_date") VALUES (127,258,'2022-02-10');
INSERT INTO "Adopts" ("user_id","cat_id","adoption_date") VALUES (177,347,'2021-04-27');
INSERT INTO "Adopts" ("user_id","cat_id","adoption_date") VALUES (144,119,'2023-05-17');
INSERT INTO "Adopts" ("user_id","cat_id","adoption_date") VALUES (15,68,'2018-06-10');
INSERT INTO "Adopts" ("user_id","cat_id","adoption_date") VALUES (60,318,'2018-06-22');
INSERT INTO "Adopts" ("user_id","cat_id","adoption_date") VALUES (195,381,'2021-03-02');
INSERT INTO "Adopts" ("user_id","cat_id","adoption_date") VALUES (97,353,'2022-09-21');
INSERT INTO "Adopts" ("user_id","cat_id","adoption_date") VALUES (157,226,'2021-10-17');
INSERT INTO "Adopts" ("user_id","cat_id","adoption_date") VALUES (105,236,'2017-12-08');
INSERT INTO "Adopts" ("user_id","cat_id","adoption_date") VALUES (80,270,'2019-07-18');
INSERT INTO "Adopts" ("user_id","cat_id","adoption_date") VALUES (198,114,'2019-02-26');
INSERT INTO "Adopts" ("user_id","cat_id","adoption_date") VALUES (95,296,'2021-03-26');
INSERT INTO "Adopts" ("user_id","cat_id","adoption_date") VALUES (187,161,'2021-09-19');
INSERT INTO "Adopts" ("user_id","cat_id","adoption_date") VALUES (44,472,'2021-12-31');
INSERT INTO "Adopts" ("user_id","cat_id","adoption_date") VALUES (12,259,'2018-09-21');
INSERT INTO "Adopts" ("user_id","cat_id","adoption_date") VALUES (93,101,'2022-05-15');
INSERT INTO "Adopts" ("user_id","cat_id","adoption_date") VALUES (15,276,'2021-04-22');
INSERT INTO "Adopts" ("user_id","cat_id","adoption_date") VALUES (166,344,'2023-09-14');
INSERT INTO "Adopts" ("user_id","cat_id","adoption_date") VALUES (53,161,'2019-06-13');
INSERT INTO "Adopts" ("user_id","cat_id","adoption_date") VALUES (94,143,'2019-07-03');
INSERT INTO "Adopts" ("user_id","cat_id","adoption_date") VALUES (66,61,'2021-05-18');
INSERT INTO "Adopts" ("user_id","cat_id","adoption_date") VALUES (96,481,'2018-08-09');
INSERT INTO "Adopts" ("user_id","cat_id","adoption_date") VALUES (11,290,'2022-09-17');
INSERT INTO "Adopts" ("user_id","cat_id","adoption_date") VALUES (2,448,'2019-05-19');
INSERT INTO "Adopts" ("user_id","cat_id","adoption_date") VALUES (16,474,'2021-08-19');
INSERT INTO "Adopts" ("user_id","cat_id","adoption_date") VALUES (122,176,'2018-08-28');
INSERT INTO "Adopts" ("user_id","cat_id","adoption_date") VALUES (145,132,'2020-09-04');
INSERT INTO "Adopts" ("user_id","cat_id","adoption_date") VALUES (93,37,'2020-08-13');
INSERT INTO "Adopts" ("user_id","cat_id","adoption_date") VALUES (170,499,'2021-10-05');
INSERT INTO "Adopts" ("user_id","cat_id","adoption_date") VALUES (159,440,'2021-10-28');
INSERT INTO "Adopts" ("user_id","cat_id","adoption_date") VALUES (147,47,'2020-08-25');
INSERT INTO "Adopts" ("user_id","cat_id","adoption_date") VALUES (18,38,'2018-11-16');
INSERT INTO "Adopts" ("user_id","cat_id","adoption_date") VALUES (136,223,'2021-05-15');
INSERT INTO "Adopts" ("user_id","cat_id","adoption_date") VALUES (127,466,'2020-07-05');
INSERT INTO "Adopts" ("user_id","cat_id","adoption_date") VALUES (1,445,'2021-11-16');
INSERT INTO "Adopts" ("user_id","cat_id","adoption_date") VALUES (75,232,'2021-10-03');
INSERT INTO "Adopts" ("user_id","cat_id","adoption_date") VALUES (95,325,'2017-12-28');
INSERT INTO "Adopts" ("user_id","cat_id","adoption_date") VALUES (122,127,'2020-07-29');
INSERT INTO "Adopts" ("user_id","cat_id","adoption_date") VALUES (89,297,'2018-08-15');
INSERT INTO "Adopts" ("user_id","cat_id","adoption_date") VALUES (164,28,'2023-01-10');
INSERT INTO "Adopts" ("user_id","cat_id","adoption_date") VALUES (22,210,'2018-10-10');
INSERT INTO "Adopts" ("user_id","cat_id","adoption_date") VALUES (64,453,'2020-12-24');
INSERT INTO "Adopts" ("user_id","cat_id","adoption_date") VALUES (141,87,'2022-01-20');
INSERT INTO "Adopts" ("user_id","cat_id","adoption_date") VALUES (41,320,'2020-09-20');
INSERT INTO "Adopts" ("user_id","cat_id","adoption_date") VALUES (160,256,'2021-10-13');
INSERT INTO "Adopts" ("user_id","cat_id","adoption_date") VALUES (150,356,'2020-09-22');
INSERT INTO "Adopts" ("user_id","cat_id","adoption_date") VALUES (135,120,'2022-02-07');
INSERT INTO "Adopts" ("user_id","cat_id","adoption_date") VALUES (59,36,'2020-07-22');
INSERT INTO "Adopts" ("user_id","cat_id","adoption_date") VALUES (75,483,'2018-09-21');
INSERT INTO "Adopts" ("user_id","cat_id","adoption_date") VALUES (111,482,'2019-03-31');
INSERT INTO "Adopts" ("user_id","cat_id","adoption_date") VALUES (87,34,'2021-07-09');
INSERT INTO "Adopts" ("user_id","cat_id","adoption_date") VALUES (68,322,'2021-04-18');
INSERT INTO "Adopts" ("user_id","cat_id","adoption_date") VALUES (80,173,'2018-05-17');
INSERT INTO "Adopts" ("user_id","cat_id","adoption_date") VALUES (62,415,'2022-11-07');
INSERT INTO "Adopts" ("user_id","cat_id","adoption_date") VALUES (196,113,'2021-12-23');
INSERT INTO "Adopts" ("user_id","cat_id","adoption_date") VALUES (192,161,'2018-06-24');
INSERT INTO "Adopts" ("user_id","cat_id","adoption_date") VALUES (118,199,'2019-02-16');
INSERT INTO "Adopts" ("user_id","cat_id","adoption_date") VALUES (52,24,'2022-12-28');
INSERT INTO "Adopts" ("user_id","cat_id","adoption_date") VALUES (178,485,'2017-12-09');
INSERT INTO "Adopts" ("user_id","cat_id","adoption_date") VALUES (95,188,'2019-04-08');
INSERT INTO "Adopts" ("user_id","cat_id","adoption_date") VALUES (100,151,'2023-09-09');
INSERT INTO "Adopts" ("user_id","cat_id","adoption_date") VALUES (118,48,'2022-09-13');
INSERT INTO "Adopts" ("user_id","cat_id","adoption_date") VALUES (129,243,'2023-10-10');
INSERT INTO "Adopts" ("user_id","cat_id","adoption_date") VALUES (132,189,'2018-01-27');
INSERT INTO "Adopts" ("user_id","cat_id","adoption_date") VALUES (182,160,'2020-11-17');
INSERT INTO "Adopts" ("user_id","cat_id","adoption_date") VALUES (129,365,'2019-12-29');
INSERT INTO "Adopts" ("user_id","cat_id","adoption_date") VALUES (135,88,'2018-06-01');
INSERT INTO "Adopts" ("user_id","cat_id","adoption_date") VALUES (56,285,'2022-10-27');
INSERT INTO "Adopts" ("user_id","cat_id","adoption_date") VALUES (115,219,'2020-01-16');
INSERT INTO "Adopts" ("user_id","cat_id","adoption_date") VALUES (97,272,'2022-07-22');
INSERT INTO "Adopts" ("user_id","cat_id","adoption_date") VALUES (50,14,'2023-02-14');
INSERT INTO "Adopts" ("user_id","cat_id","adoption_date") VALUES (21,475,'2018-11-25');
INSERT INTO "Adopts" ("user_id","cat_id","adoption_date") VALUES (180,306,'2021-10-04');
INSERT INTO "Adopts" ("user_id","cat_id","adoption_date") VALUES (60,147,'2023-06-10');
INSERT INTO "Adopts" ("user_id","cat_id","adoption_date") VALUES (162,58,'2019-11-11');
INSERT INTO "Adopts" ("user_id","cat_id","adoption_date") VALUES (161,99,'2023-07-25');
INSERT INTO "Adopts" ("user_id","cat_id","adoption_date") VALUES (123,47,'2020-04-05');
INSERT INTO "Adopts" ("user_id","cat_id","adoption_date") VALUES (182,4,'2018-06-07');
INSERT INTO "Adopts" ("user_id","cat_id","adoption_date") VALUES (33,195,'2022-08-09');
INSERT INTO "Adopts" ("user_id","cat_id","adoption_date") VALUES (41,79,'2023-03-21');
INSERT INTO "Adopts" ("user_id","cat_id","adoption_date") VALUES (149,440,'2023-03-06');
INSERT INTO "Adopts" ("user_id","cat_id","adoption_date") VALUES (31,344,'2023-06-22');
INSERT INTO "Adopts" ("user_id","cat_id","adoption_date") VALUES (55,272,'2022-05-04');
INSERT INTO "Adopts" ("user_id","cat_id","adoption_date") VALUES (140,135,'2021-09-10');
INSERT INTO "Adopts" ("user_id","cat_id","adoption_date") VALUES (144,422,'2018-05-11');
INSERT INTO "Adopts" ("user_id","cat_id","adoption_date") VALUES (185,374,'2020-03-01');
INSERT INTO "Adopts" ("user_id","cat_id","adoption_date") VALUES (113,369,'2018-09-29');
INSERT INTO "Adopts" ("user_id","cat_id","adoption_date") VALUES (15,220,'2021-06-07');
INSERT INTO "Adopts" ("user_id","cat_id","adoption_date") VALUES (17,417,'2020-12-25');
INSERT INTO "Adopts" ("user_id","cat_id","adoption_date") VALUES (54,370,'2021-10-07');
INSERT INTO "Adopts" ("user_id","cat_id","adoption_date") VALUES (51,98,'2018-03-25');
INSERT INTO "Adopts" ("user_id","cat_id","adoption_date") VALUES (46,195,'2019-01-16');
INSERT INTO "Adopts" ("user_id","cat_id","adoption_date") VALUES (194,312,'2022-06-03');
INSERT INTO "Adopts" ("user_id","cat_id","adoption_date") VALUES (166,407,'2022-01-01');
INSERT INTO "Adopts" ("user_id","cat_id","adoption_date") VALUES (163,353,'2022-05-13');
INSERT INTO "Adopts" ("user_id","cat_id","adoption_date") VALUES (82,134,'2020-06-28');
INSERT INTO "Adopts" ("user_id","cat_id","adoption_date") VALUES (38,324,'2022-09-16');
INSERT INTO "Adopts" ("user_id","cat_id","adoption_date") VALUES (120,242,'2021-07-08');
INSERT INTO "Adopts" ("user_id","cat_id","adoption_date") VALUES (193,229,'2017-12-01');
INSERT INTO "Shelters" ("shelter_id","shelter_name","shelter_location","shelter_email","shelter_phone") VALUES (1,'Batz Group','89448 Mcbride Lane','dclews0@amazonaws.com','318-297-7514');
INSERT INTO "Shelters" ("shelter_id","shelter_name","shelter_location","shelter_email","shelter_phone") VALUES (2,'Morar, Rodriguez and Runte','9 Holmberg Terrace','bjanjusevic1@i2i.jp','810-953-8522');
INSERT INTO "Shelters" ("shelter_id","shelter_name","shelter_location","shelter_email","shelter_phone") VALUES (3,'Reichert and Sons','1523 Chinook Pass','smapledorum2@twitter.com','988-405-4294');
INSERT INTO "Shelters" ("shelter_id","shelter_name","shelter_location","shelter_email","shelter_phone") VALUES (4,'Bradtke-Heidenreich','075 Banding Pass','scasperri3@exblog.jp','270-545-0983');
INSERT INTO "Shelters" ("shelter_id","shelter_name","shelter_location","shelter_email","shelter_phone") VALUES (5,'Schowalter Inc','14 Esker Drive','owyllt4@soup.io','237-192-7149');
INSERT INTO "Shelters" ("shelter_id","shelter_name","shelter_location","shelter_email","shelter_phone") VALUES (6,'Toy, Rosenbaum and Pfannerstill','74 Sutherland Point','cspraggs5@nature.com','795-124-7613');
INSERT INTO "Shelters" ("shelter_id","shelter_name","shelter_location","shelter_email","shelter_phone") VALUES (7,'Wisoky, Wyman and Murazik','2 Little Fleur Place','aerangey6@prweb.com','782-340-2152');
INSERT INTO "Shelters" ("shelter_id","shelter_name","shelter_location","shelter_email","shelter_phone") VALUES (8,'Rice-Schmitt','5 Derek Street','sfolkerts7@51.la','609-475-2758');
INSERT INTO "Shelters" ("shelter_id","shelter_name","shelter_location","shelter_email","shelter_phone") VALUES (9,'Erdman and Sons','83 Derek Junction','nelles8@ask.com','723-857-1531');
INSERT INTO "Shelters" ("shelter_id","shelter_name","shelter_location","shelter_email","shelter_phone") VALUES (10,'Pfeffer, Johns and Nikolaus','827 Charing Cross Junction','aperrycost9@discovery.com','197-181-2074');
INSERT INTO "Shelters" ("shelter_id","shelter_name","shelter_location","shelter_email","shelter_phone") VALUES (11,'Nolan-Hoeger','9599 Dahle Trail','acrippesa@canalblog.com','734-620-6717');
INSERT INTO "Shelters" ("shelter_id","shelter_name","shelter_location","shelter_email","shelter_phone") VALUES (12,'Volkman, Bergnaum and Hahn','50730 Anhalt Crossing','itrevillionb@feedburner.com','948-343-5105');
INSERT INTO "Shelters" ("shelter_id","shelter_name","shelter_location","shelter_email","shelter_phone") VALUES (13,'Prohaska-Quitzon','325 Arkansas Court','dwhippc@house.gov','502-580-6995');
INSERT INTO "Shelters" ("shelter_id","shelter_name","shelter_location","shelter_email","shelter_phone") VALUES (14,'Goyette and Sons','49 Old Gate Drive','apallind@ehow.com','773-637-9802');
INSERT INTO "Shelters" ("shelter_id","shelter_name","shelter_location","shelter_email","shelter_phone") VALUES (15,'Schneider LLC','7470 Kings Trail','lbutterfinte@webmd.com','927-677-2006');
INSERT INTO "Shelters" ("shelter_id","shelter_name","shelter_location","shelter_email","shelter_phone") VALUES (16,'Muller, Collier and Schumm','39433 Vahlen Lane','bpetrovykhf@wordpress.org','789-282-8284');
INSERT INTO "Shelters" ("shelter_id","shelter_name","shelter_location","shelter_email","shelter_phone") VALUES (17,'Kulas, Rolfson and Bosco','50610 Forest Circle','lwhiterodg@mysql.com','619-656-9189');
INSERT INTO "Shelters" ("shelter_id","shelter_name","shelter_location","shelter_email","shelter_phone") VALUES (18,'Toy, Wolff and Ledner','195 Riverside Trail','mgallafanth@wp.com','967-396-1507');
INSERT INTO "Shelters" ("shelter_id","shelter_name","shelter_location","shelter_email","shelter_phone") VALUES (19,'Goyette, Frami and Thompson','996 Thierer Trail','hwalaroni@senate.gov','763-947-7338');
INSERT INTO "Shelters" ("shelter_id","shelter_name","shelter_location","shelter_email","shelter_phone") VALUES (20,'Mayert-Heathcote','8 2nd Drive','ftreharnej@lycos.com','479-306-7551');
INSERT INTO "Shelters" ("shelter_id","shelter_name","shelter_location","shelter_email","shelter_phone") VALUES (21,'Muller-Pfeffer','4 North Terrace','gquibellk@huffingtonpost.com','229-263-4047');
INSERT INTO "Shelters" ("shelter_id","shelter_name","shelter_location","shelter_email","shelter_phone") VALUES (22,'Schneider Inc','86 Corscot Center','vchuggl@woothemes.com','371-681-8411');
INSERT INTO "Shelters" ("shelter_id","shelter_name","shelter_location","shelter_email","shelter_phone") VALUES (23,'Barrows-Klein','308 Nelson Crossing','aglasebrookm@miitbeian.gov.cn','915-558-4141');
INSERT INTO "Shelters" ("shelter_id","shelter_name","shelter_location","shelter_email","shelter_phone") VALUES (24,'Steuber-Kiehn','43 Hazelcrest Parkway','gcrosthwaiten@prnewswire.com','432-556-7405');
INSERT INTO "Shelters" ("shelter_id","shelter_name","shelter_location","shelter_email","shelter_phone") VALUES (25,'Rodriguez-Turcotte','171 Spohn Place','ktrenoutho@apple.com','537-830-2262');
INSERT INTO "Shelters" ("shelter_id","shelter_name","shelter_location","shelter_email","shelter_phone") VALUES (26,'Kris Group','9 Cottonwood Park','jclemensp@moonfruit.com','274-882-7888');
INSERT INTO "Shelters" ("shelter_id","shelter_name","shelter_location","shelter_email","shelter_phone") VALUES (27,'Trantow, Schaden and Strosin','9386 Chinook Crossing','tinkpenq@domainmarket.com','902-170-8944');
INSERT INTO "Shelters" ("shelter_id","shelter_name","shelter_location","shelter_email","shelter_phone") VALUES (28,'Kunde and Sons','178 Steensland Way','pdomnineyr@cargocollective.com','858-845-6297');
INSERT INTO "Shelters" ("shelter_id","shelter_name","shelter_location","shelter_email","shelter_phone") VALUES (29,'Fritsch-Feil','4 Lake View Park','jgreschkes@eepurl.com','380-913-3071');
INSERT INTO "Shelters" ("shelter_id","shelter_name","shelter_location","shelter_email","shelter_phone") VALUES (30,'Pouros, Berge and Stanton','64402 Bobwhite Hill','adelafeldt@wunderground.com','128-968-6004');
INSERT INTO "Houses" ("cat_id","shelter_id") VALUES (1,27);
INSERT INTO "Houses" ("cat_id","shelter_id") VALUES (2,3);
INSERT INTO "Houses" ("cat_id","shelter_id") VALUES (3,12);
INSERT INTO "Houses" ("cat_id","shelter_id") VALUES (4,7);
INSERT INTO "Houses" ("cat_id","shelter_id") VALUES (5,19);
INSERT INTO "Houses" ("cat_id","shelter_id") VALUES (6,16);
INSERT INTO "Houses" ("cat_id","shelter_id") VALUES (7,2);
INSERT INTO "Houses" ("cat_id","shelter_id") VALUES (8,4);
INSERT INTO "Houses" ("cat_id","shelter_id") VALUES (9,30);
INSERT INTO "Houses" ("cat_id","shelter_id") VALUES (10,23);
INSERT INTO "Houses" ("cat_id","shelter_id") VALUES (11,22);
INSERT INTO "Houses" ("cat_id","shelter_id") VALUES (12,14);
INSERT INTO "Houses" ("cat_id","shelter_id") VALUES (13,11);
INSERT INTO "Houses" ("cat_id","shelter_id") VALUES (14,5);
INSERT INTO "Houses" ("cat_id","shelter_id") VALUES (15,21);
INSERT INTO "Houses" ("cat_id","shelter_id") VALUES (16,5);
INSERT INTO "Houses" ("cat_id","shelter_id") VALUES (17,7);
INSERT INTO "Houses" ("cat_id","shelter_id") VALUES (18,2);
INSERT INTO "Houses" ("cat_id","shelter_id") VALUES (19,19);
INSERT INTO "Houses" ("cat_id","shelter_id") VALUES (20,20);
INSERT INTO "Houses" ("cat_id","shelter_id") VALUES (21,11);
INSERT INTO "Houses" ("cat_id","shelter_id") VALUES (22,23);
INSERT INTO "Houses" ("cat_id","shelter_id") VALUES (23,1);
INSERT INTO "Houses" ("cat_id","shelter_id") VALUES (24,3);
INSERT INTO "Houses" ("cat_id","shelter_id") VALUES (25,28);
INSERT INTO "Houses" ("cat_id","shelter_id") VALUES (26,4);
INSERT INTO "Houses" ("cat_id","shelter_id") VALUES (27,16);
INSERT INTO "Houses" ("cat_id","shelter_id") VALUES (28,9);
INSERT INTO "Houses" ("cat_id","shelter_id") VALUES (29,12);
INSERT INTO "Houses" ("cat_id","shelter_id") VALUES (30,26);
INSERT INTO "Houses" ("cat_id","shelter_id") VALUES (31,19);
INSERT INTO "Houses" ("cat_id","shelter_id") VALUES (32,27);
INSERT INTO "Houses" ("cat_id","shelter_id") VALUES (33,8);
INSERT INTO "Houses" ("cat_id","shelter_id") VALUES (34,5);
INSERT INTO "Houses" ("cat_id","shelter_id") VALUES (35,15);
INSERT INTO "Houses" ("cat_id","shelter_id") VALUES (36,7);
INSERT INTO "Houses" ("cat_id","shelter_id") VALUES (37,23);
INSERT INTO "Houses" ("cat_id","shelter_id") VALUES (38,2);
INSERT INTO "Houses" ("cat_id","shelter_id") VALUES (39,16);
INSERT INTO "Houses" ("cat_id","shelter_id") VALUES (40,21);
INSERT INTO "Houses" ("cat_id","shelter_id") VALUES (41,3);
INSERT INTO "Houses" ("cat_id","shelter_id") VALUES (42,29);
INSERT INTO "Houses" ("cat_id","shelter_id") VALUES (43,11);
INSERT INTO "Houses" ("cat_id","shelter_id") VALUES (44,12);
INSERT INTO "Houses" ("cat_id","shelter_id") VALUES (45,9);
INSERT INTO "Houses" ("cat_id","shelter_id") VALUES (46,3);
INSERT INTO "Houses" ("cat_id","shelter_id") VALUES (47,21);
INSERT INTO "Houses" ("cat_id","shelter_id") VALUES (48,1);
INSERT INTO "Houses" ("cat_id","shelter_id") VALUES (49,8);
INSERT INTO "Houses" ("cat_id","shelter_id") VALUES (50,4);
INSERT INTO "Houses" ("cat_id","shelter_id") VALUES (51,25);
INSERT INTO "Houses" ("cat_id","shelter_id") VALUES (52,5);
INSERT INTO "Houses" ("cat_id","shelter_id") VALUES (53,2);
INSERT INTO "Houses" ("cat_id","shelter_id") VALUES (54,20);
INSERT INTO "Houses" ("cat_id","shelter_id") VALUES (55,11);
INSERT INTO "Houses" ("cat_id","shelter_id") VALUES (56,15);
INSERT INTO "Houses" ("cat_id","shelter_id") VALUES (57,14);
INSERT INTO "Houses" ("cat_id","shelter_id") VALUES (58,19);
INSERT INTO "Houses" ("cat_id","shelter_id") VALUES (59,26);
INSERT INTO "Houses" ("cat_id","shelter_id") VALUES (60,23);
INSERT INTO "Houses" ("cat_id","shelter_id") VALUES (61,2);
INSERT INTO "Houses" ("cat_id","shelter_id") VALUES (62,19);
INSERT INTO "Houses" ("cat_id","shelter_id") VALUES (63,20);
INSERT INTO "Houses" ("cat_id","shelter_id") VALUES (64,26);
INSERT INTO "Houses" ("cat_id","shelter_id") VALUES (65,16);
INSERT INTO "Houses" ("cat_id","shelter_id") VALUES (66,15);
INSERT INTO "Houses" ("cat_id","shelter_id") VALUES (67,17);
INSERT INTO "Houses" ("cat_id","shelter_id") VALUES (68,12);
INSERT INTO "Houses" ("cat_id","shelter_id") VALUES (69,4);
INSERT INTO "Houses" ("cat_id","shelter_id") VALUES (70,10);
INSERT INTO "Houses" ("cat_id","shelter_id") VALUES (71,23);
INSERT INTO "Houses" ("cat_id","shelter_id") VALUES (72,14);
INSERT INTO "Houses" ("cat_id","shelter_id") VALUES (73,27);
INSERT INTO "Houses" ("cat_id","shelter_id") VALUES (74,8);
INSERT INTO "Houses" ("cat_id","shelter_id") VALUES (75,28);
INSERT INTO "Houses" ("cat_id","shelter_id") VALUES (76,23);
INSERT INTO "Houses" ("cat_id","shelter_id") VALUES (77,17);
INSERT INTO "Houses" ("cat_id","shelter_id") VALUES (78,24);
INSERT INTO "Houses" ("cat_id","shelter_id") VALUES (79,13);
INSERT INTO "Houses" ("cat_id","shelter_id") VALUES (80,21);
INSERT INTO "Houses" ("cat_id","shelter_id") VALUES (81,8);
INSERT INTO "Houses" ("cat_id","shelter_id") VALUES (82,27);
INSERT INTO "Houses" ("cat_id","shelter_id") VALUES (83,29);
INSERT INTO "Houses" ("cat_id","shelter_id") VALUES (84,26);
INSERT INTO "Houses" ("cat_id","shelter_id") VALUES (85,3);
INSERT INTO "Houses" ("cat_id","shelter_id") VALUES (86,19);
INSERT INTO "Houses" ("cat_id","shelter_id") VALUES (87,6);
INSERT INTO "Houses" ("cat_id","shelter_id") VALUES (88,9);
INSERT INTO "Houses" ("cat_id","shelter_id") VALUES (89,4);
INSERT INTO "Houses" ("cat_id","shelter_id") VALUES (90,2);
INSERT INTO "Houses" ("cat_id","shelter_id") VALUES (91,18);
INSERT INTO "Houses" ("cat_id","shelter_id") VALUES (92,5);
INSERT INTO "Houses" ("cat_id","shelter_id") VALUES (93,3);
INSERT INTO "Houses" ("cat_id","shelter_id") VALUES (94,30);
INSERT INTO "Houses" ("cat_id","shelter_id") VALUES (95,1);
INSERT INTO "Houses" ("cat_id","shelter_id") VALUES (96,27);
INSERT INTO "Houses" ("cat_id","shelter_id") VALUES (97,12);
INSERT INTO "Houses" ("cat_id","shelter_id") VALUES (98,13);
INSERT INTO "Houses" ("cat_id","shelter_id") VALUES (99,17);
INSERT INTO "Houses" ("cat_id","shelter_id") VALUES (100,11);
INSERT INTO "Houses" ("cat_id","shelter_id") VALUES (101,16);
INSERT INTO "Houses" ("cat_id","shelter_id") VALUES (102,10);
INSERT INTO "Houses" ("cat_id","shelter_id") VALUES (103,28);
INSERT INTO "Houses" ("cat_id","shelter_id") VALUES (104,20);
INSERT INTO "Houses" ("cat_id","shelter_id") VALUES (105,24);
INSERT INTO "Houses" ("cat_id","shelter_id") VALUES (106,10);
INSERT INTO "Houses" ("cat_id","shelter_id") VALUES (107,18);
INSERT INTO "Houses" ("cat_id","shelter_id") VALUES (108,25);
INSERT INTO "Houses" ("cat_id","shelter_id") VALUES (109,8);
INSERT INTO "Houses" ("cat_id","shelter_id") VALUES (110,14);
INSERT INTO "Houses" ("cat_id","shelter_id") VALUES (111,3);
INSERT INTO "Houses" ("cat_id","shelter_id") VALUES (112,23);
INSERT INTO "Houses" ("cat_id","shelter_id") VALUES (113,20);
INSERT INTO "Houses" ("cat_id","shelter_id") VALUES (114,21);
INSERT INTO "Houses" ("cat_id","shelter_id") VALUES (115,2);
INSERT INTO "Houses" ("cat_id","shelter_id") VALUES (116,28);
INSERT INTO "Houses" ("cat_id","shelter_id") VALUES (117,19);
INSERT INTO "Houses" ("cat_id","shelter_id") VALUES (118,5);
INSERT INTO "Houses" ("cat_id","shelter_id") VALUES (119,4);
INSERT INTO "Houses" ("cat_id","shelter_id") VALUES (120,11);
INSERT INTO "Houses" ("cat_id","shelter_id") VALUES (121,20);
INSERT INTO "Houses" ("cat_id","shelter_id") VALUES (122,27);
INSERT INTO "Houses" ("cat_id","shelter_id") VALUES (123,16);
INSERT INTO "Houses" ("cat_id","shelter_id") VALUES (124,26);
INSERT INTO "Houses" ("cat_id","shelter_id") VALUES (125,17);
INSERT INTO "Houses" ("cat_id","shelter_id") VALUES (126,12);
INSERT INTO "Houses" ("cat_id","shelter_id") VALUES (127,15);
INSERT INTO "Houses" ("cat_id","shelter_id") VALUES (128,28);
INSERT INTO "Houses" ("cat_id","shelter_id") VALUES (129,6);
INSERT INTO "Houses" ("cat_id","shelter_id") VALUES (130,7);
INSERT INTO "Houses" ("cat_id","shelter_id") VALUES (131,11);
INSERT INTO "Houses" ("cat_id","shelter_id") VALUES (132,1);
INSERT INTO "Houses" ("cat_id","shelter_id") VALUES (133,25);
INSERT INTO "Houses" ("cat_id","shelter_id") VALUES (134,13);
INSERT INTO "Houses" ("cat_id","shelter_id") VALUES (135,21);
INSERT INTO "Houses" ("cat_id","shelter_id") VALUES (136,19);
INSERT INTO "Houses" ("cat_id","shelter_id") VALUES (137,29);
INSERT INTO "Houses" ("cat_id","shelter_id") VALUES (138,26);
INSERT INTO "Houses" ("cat_id","shelter_id") VALUES (139,20);
INSERT INTO "Houses" ("cat_id","shelter_id") VALUES (140,10);
INSERT INTO "Houses" ("cat_id","shelter_id") VALUES (141,9);
INSERT INTO "Houses" ("cat_id","shelter_id") VALUES (142,28);
INSERT INTO "Houses" ("cat_id","shelter_id") VALUES (143,16);
INSERT INTO "Houses" ("cat_id","shelter_id") VALUES (144,22);
INSERT INTO "Houses" ("cat_id","shelter_id") VALUES (145,14);
INSERT INTO "Houses" ("cat_id","shelter_id") VALUES (146,6);
INSERT INTO "Houses" ("cat_id","shelter_id") VALUES (147,1);
INSERT INTO "Houses" ("cat_id","shelter_id") VALUES (148,8);
INSERT INTO "Houses" ("cat_id","shelter_id") VALUES (149,12);
INSERT INTO "Houses" ("cat_id","shelter_id") VALUES (150,24);
INSERT INTO "Houses" ("cat_id","shelter_id") VALUES (151,6);
INSERT INTO "Houses" ("cat_id","shelter_id") VALUES (152,23);
INSERT INTO "Houses" ("cat_id","shelter_id") VALUES (153,22);
INSERT INTO "Houses" ("cat_id","shelter_id") VALUES (154,10);
INSERT INTO "Houses" ("cat_id","shelter_id") VALUES (155,29);
INSERT INTO "Houses" ("cat_id","shelter_id") VALUES (156,14);
INSERT INTO "Houses" ("cat_id","shelter_id") VALUES (157,4);
INSERT INTO "Houses" ("cat_id","shelter_id") VALUES (158,17);
INSERT INTO "Houses" ("cat_id","shelter_id") VALUES (159,25);
INSERT INTO "Houses" ("cat_id","shelter_id") VALUES (160,16);
INSERT INTO "Houses" ("cat_id","shelter_id") VALUES (161,21);
INSERT INTO "Houses" ("cat_id","shelter_id") VALUES (162,27);
INSERT INTO "Houses" ("cat_id","shelter_id") VALUES (163,5);
INSERT INTO "Houses" ("cat_id","shelter_id") VALUES (164,15);
INSERT INTO "Houses" ("cat_id","shelter_id") VALUES (165,24);
INSERT INTO "Houses" ("cat_id","shelter_id") VALUES (166,11);
INSERT INTO "Houses" ("cat_id","shelter_id") VALUES (167,17);
INSERT INTO "Houses" ("cat_id","shelter_id") VALUES (168,18);
INSERT INTO "Houses" ("cat_id","shelter_id") VALUES (169,1);
INSERT INTO "Houses" ("cat_id","shelter_id") VALUES (170,29);
INSERT INTO "Houses" ("cat_id","shelter_id") VALUES (171,8);
INSERT INTO "Houses" ("cat_id","shelter_id") VALUES (172,16);
INSERT INTO "Houses" ("cat_id","shelter_id") VALUES (173,13);
INSERT INTO "Houses" ("cat_id","shelter_id") VALUES (174,15);
INSERT INTO "Houses" ("cat_id","shelter_id") VALUES (175,19);
INSERT INTO "Houses" ("cat_id","shelter_id") VALUES (176,14);
INSERT INTO "Houses" ("cat_id","shelter_id") VALUES (177,24);
INSERT INTO "Houses" ("cat_id","shelter_id") VALUES (178,2);
INSERT INTO "Houses" ("cat_id","shelter_id") VALUES (179,12);
INSERT INTO "Houses" ("cat_id","shelter_id") VALUES (180,22);
INSERT INTO "Houses" ("cat_id","shelter_id") VALUES (181,17);
INSERT INTO "Houses" ("cat_id","shelter_id") VALUES (182,4);
INSERT INTO "Houses" ("cat_id","shelter_id") VALUES (183,24);
INSERT INTO "Houses" ("cat_id","shelter_id") VALUES (184,2);
INSERT INTO "Houses" ("cat_id","shelter_id") VALUES (185,19);
INSERT INTO "Houses" ("cat_id","shelter_id") VALUES (186,9);
INSERT INTO "Houses" ("cat_id","shelter_id") VALUES (187,29);
INSERT INTO "Houses" ("cat_id","shelter_id") VALUES (188,10);
INSERT INTO "Houses" ("cat_id","shelter_id") VALUES (189,18);
INSERT INTO "Houses" ("cat_id","shelter_id") VALUES (190,8);
INSERT INTO "Houses" ("cat_id","shelter_id") VALUES (191,23);
INSERT INTO "Houses" ("cat_id","shelter_id") VALUES (192,15);
INSERT INTO "Houses" ("cat_id","shelter_id") VALUES (193,22);
INSERT INTO "Houses" ("cat_id","shelter_id") VALUES (194,11);
INSERT INTO "Houses" ("cat_id","shelter_id") VALUES (195,26);
INSERT INTO "Houses" ("cat_id","shelter_id") VALUES (196,13);
INSERT INTO "Houses" ("cat_id","shelter_id") VALUES (197,26);
INSERT INTO "Houses" ("cat_id","shelter_id") VALUES (198,10);
INSERT INTO "Houses" ("cat_id","shelter_id") VALUES (199,11);
INSERT INTO "Houses" ("cat_id","shelter_id") VALUES (200,16);
INSERT INTO "Houses" ("cat_id","shelter_id") VALUES (201,15);
INSERT INTO "Houses" ("cat_id","shelter_id") VALUES (202,17);
INSERT INTO "Houses" ("cat_id","shelter_id") VALUES (203,28);
INSERT INTO "Houses" ("cat_id","shelter_id") VALUES (204,7);
INSERT INTO "Houses" ("cat_id","shelter_id") VALUES (205,22);
INSERT INTO "Houses" ("cat_id","shelter_id") VALUES (206,14);
INSERT INTO "Houses" ("cat_id","shelter_id") VALUES (207,3);
INSERT INTO "Houses" ("cat_id","shelter_id") VALUES (208,24);
INSERT INTO "Houses" ("cat_id","shelter_id") VALUES (209,12);
INSERT INTO "Houses" ("cat_id","shelter_id") VALUES (210,2);
INSERT INTO "Houses" ("cat_id","shelter_id") VALUES (211,14);
INSERT INTO "Houses" ("cat_id","shelter_id") VALUES (212,27);
INSERT INTO "Houses" ("cat_id","shelter_id") VALUES (213,18);
INSERT INTO "Houses" ("cat_id","shelter_id") VALUES (214,24);
INSERT INTO "Houses" ("cat_id","shelter_id") VALUES (215,2);
INSERT INTO "Houses" ("cat_id","shelter_id") VALUES (216,7);
INSERT INTO "Houses" ("cat_id","shelter_id") VALUES (217,1);
INSERT INTO "Houses" ("cat_id","shelter_id") VALUES (218,19);
INSERT INTO "Houses" ("cat_id","shelter_id") VALUES (219,6);
INSERT INTO "Houses" ("cat_id","shelter_id") VALUES (220,15);
INSERT INTO "Houses" ("cat_id","shelter_id") VALUES (221,9);
INSERT INTO "Houses" ("cat_id","shelter_id") VALUES (222,12);
INSERT INTO "Houses" ("cat_id","shelter_id") VALUES (223,30);
INSERT INTO "Houses" ("cat_id","shelter_id") VALUES (224,21);
INSERT INTO "Houses" ("cat_id","shelter_id") VALUES (225,28);
INSERT INTO "Houses" ("cat_id","shelter_id") VALUES (226,3);
INSERT INTO "Houses" ("cat_id","shelter_id") VALUES (227,27);
INSERT INTO "Houses" ("cat_id","shelter_id") VALUES (228,2);
INSERT INTO "Houses" ("cat_id","shelter_id") VALUES (229,28);
INSERT INTO "Houses" ("cat_id","shelter_id") VALUES (230,15);
INSERT INTO "Houses" ("cat_id","shelter_id") VALUES (231,17);
INSERT INTO "Houses" ("cat_id","shelter_id") VALUES (232,18);
INSERT INTO "Houses" ("cat_id","shelter_id") VALUES (233,26);
INSERT INTO "Houses" ("cat_id","shelter_id") VALUES (234,14);
INSERT INTO "Houses" ("cat_id","shelter_id") VALUES (235,5);
INSERT INTO "Houses" ("cat_id","shelter_id") VALUES (236,13);
INSERT INTO "Houses" ("cat_id","shelter_id") VALUES (237,23);
INSERT INTO "Houses" ("cat_id","shelter_id") VALUES (238,8);
INSERT INTO "Houses" ("cat_id","shelter_id") VALUES (239,16);
INSERT INTO "Houses" ("cat_id","shelter_id") VALUES (240,25);
INSERT INTO "Houses" ("cat_id","shelter_id") VALUES (241,17);
INSERT INTO "Houses" ("cat_id","shelter_id") VALUES (242,3);
INSERT INTO "Houses" ("cat_id","shelter_id") VALUES (243,29);
INSERT INTO "Houses" ("cat_id","shelter_id") VALUES (244,24);
INSERT INTO "Houses" ("cat_id","shelter_id") VALUES (245,12);
INSERT INTO "Houses" ("cat_id","shelter_id") VALUES (246,27);
INSERT INTO "Houses" ("cat_id","shelter_id") VALUES (247,26);
INSERT INTO "Houses" ("cat_id","shelter_id") VALUES (248,8);
INSERT INTO "Houses" ("cat_id","shelter_id") VALUES (249,9);
INSERT INTO "Houses" ("cat_id","shelter_id") VALUES (250,21);
INSERT INTO "Houses" ("cat_id","shelter_id") VALUES (251,4);
INSERT INTO "Houses" ("cat_id","shelter_id") VALUES (252,22);
INSERT INTO "Houses" ("cat_id","shelter_id") VALUES (253,19);
INSERT INTO "Houses" ("cat_id","shelter_id") VALUES (254,7);
INSERT INTO "Houses" ("cat_id","shelter_id") VALUES (255,15);
INSERT INTO "Houses" ("cat_id","shelter_id") VALUES (256,10);
INSERT INTO "Houses" ("cat_id","shelter_id") VALUES (257,18);
INSERT INTO "Houses" ("cat_id","shelter_id") VALUES (258,23);
INSERT INTO "Houses" ("cat_id","shelter_id") VALUES (259,24);
INSERT INTO "Houses" ("cat_id","shelter_id") VALUES (260,2);
INSERT INTO "Houses" ("cat_id","shelter_id") VALUES (261,22);
INSERT INTO "Houses" ("cat_id","shelter_id") VALUES (262,4);
INSERT INTO "Houses" ("cat_id","shelter_id") VALUES (263,14);
INSERT INTO "Houses" ("cat_id","shelter_id") VALUES (264,8);
INSERT INTO "Houses" ("cat_id","shelter_id") VALUES (265,30);
INSERT INTO "Houses" ("cat_id","shelter_id") VALUES (266,26);
INSERT INTO "Houses" ("cat_id","shelter_id") VALUES (267,9);
INSERT INTO "Houses" ("cat_id","shelter_id") VALUES (268,13);
INSERT INTO "Houses" ("cat_id","shelter_id") VALUES (269,15);
INSERT INTO "Houses" ("cat_id","shelter_id") VALUES (270,7);
INSERT INTO "Houses" ("cat_id","shelter_id") VALUES (271,7);
INSERT INTO "Houses" ("cat_id","shelter_id") VALUES (272,29);
INSERT INTO "Houses" ("cat_id","shelter_id") VALUES (273,28);
INSERT INTO "Houses" ("cat_id","shelter_id") VALUES (274,10);
INSERT INTO "Houses" ("cat_id","shelter_id") VALUES (275,19);
INSERT INTO "Houses" ("cat_id","shelter_id") VALUES (276,25);
INSERT INTO "Houses" ("cat_id","shelter_id") VALUES (277,18);
INSERT INTO "Houses" ("cat_id","shelter_id") VALUES (278,16);
INSERT INTO "Houses" ("cat_id","shelter_id") VALUES (279,1);
INSERT INTO "Houses" ("cat_id","shelter_id") VALUES (280,13);
INSERT INTO "Houses" ("cat_id","shelter_id") VALUES (281,22);
INSERT INTO "Houses" ("cat_id","shelter_id") VALUES (282,3);
INSERT INTO "Houses" ("cat_id","shelter_id") VALUES (283,23);
INSERT INTO "Houses" ("cat_id","shelter_id") VALUES (284,2);
INSERT INTO "Houses" ("cat_id","shelter_id") VALUES (285,6);
INSERT INTO "Houses" ("cat_id","shelter_id") VALUES (286,14);
INSERT INTO "Houses" ("cat_id","shelter_id") VALUES (287,30);
INSERT INTO "Houses" ("cat_id","shelter_id") VALUES (288,24);
INSERT INTO "Houses" ("cat_id","shelter_id") VALUES (289,28);
INSERT INTO "Houses" ("cat_id","shelter_id") VALUES (290,2);
INSERT INTO "Houses" ("cat_id","shelter_id") VALUES (291,3);
INSERT INTO "Houses" ("cat_id","shelter_id") VALUES (292,11);
INSERT INTO "Houses" ("cat_id","shelter_id") VALUES (293,12);
INSERT INTO "Houses" ("cat_id","shelter_id") VALUES (294,26);
INSERT INTO "Houses" ("cat_id","shelter_id") VALUES (295,19);
INSERT INTO "Houses" ("cat_id","shelter_id") VALUES (296,22);
INSERT INTO "Houses" ("cat_id","shelter_id") VALUES (297,4);
INSERT INTO "Houses" ("cat_id","shelter_id") VALUES (298,7);
INSERT INTO "Houses" ("cat_id","shelter_id") VALUES (299,20);
INSERT INTO "Houses" ("cat_id","shelter_id") VALUES (300,29);
INSERT INTO "Houses" ("cat_id","shelter_id") VALUES (301,3);
INSERT INTO "Houses" ("cat_id","shelter_id") VALUES (302,12);
INSERT INTO "Houses" ("cat_id","shelter_id") VALUES (303,10);
INSERT INTO "Houses" ("cat_id","shelter_id") VALUES (304,18);
INSERT INTO "Houses" ("cat_id","shelter_id") VALUES (305,4);
INSERT INTO "Houses" ("cat_id","shelter_id") VALUES (306,30);
INSERT INTO "Houses" ("cat_id","shelter_id") VALUES (307,25);
INSERT INTO "Houses" ("cat_id","shelter_id") VALUES (308,6);
INSERT INTO "Houses" ("cat_id","shelter_id") VALUES (309,17);
INSERT INTO "Houses" ("cat_id","shelter_id") VALUES (310,16);
INSERT INTO "Houses" ("cat_id","shelter_id") VALUES (311,23);
INSERT INTO "Houses" ("cat_id","shelter_id") VALUES (312,27);
INSERT INTO "Houses" ("cat_id","shelter_id") VALUES (313,29);
INSERT INTO "Houses" ("cat_id","shelter_id") VALUES (314,28);
INSERT INTO "Houses" ("cat_id","shelter_id") VALUES (315,11);
INSERT INTO "Houses" ("cat_id","shelter_id") VALUES (316,10);
INSERT INTO "Houses" ("cat_id","shelter_id") VALUES (317,11);
INSERT INTO "Houses" ("cat_id","shelter_id") VALUES (318,20);
INSERT INTO "Houses" ("cat_id","shelter_id") VALUES (319,19);
INSERT INTO "Houses" ("cat_id","shelter_id") VALUES (320,15);
INSERT INTO "Houses" ("cat_id","shelter_id") VALUES (321,27);
INSERT INTO "Houses" ("cat_id","shelter_id") VALUES (322,23);
INSERT INTO "Houses" ("cat_id","shelter_id") VALUES (323,6);
INSERT INTO "Houses" ("cat_id","shelter_id") VALUES (324,28);
INSERT INTO "Houses" ("cat_id","shelter_id") VALUES (325,30);
INSERT INTO "Houses" ("cat_id","shelter_id") VALUES (326,4);
INSERT INTO "Houses" ("cat_id","shelter_id") VALUES (327,2);
INSERT INTO "Houses" ("cat_id","shelter_id") VALUES (328,7);
INSERT INTO "Houses" ("cat_id","shelter_id") VALUES (329,5);
INSERT INTO "Houses" ("cat_id","shelter_id") VALUES (330,22);
INSERT INTO "Houses" ("cat_id","shelter_id") VALUES (331,26);
INSERT INTO "Houses" ("cat_id","shelter_id") VALUES (332,9);
INSERT INTO "Houses" ("cat_id","shelter_id") VALUES (333,24);
INSERT INTO "Houses" ("cat_id","shelter_id") VALUES (334,22);
INSERT INTO "Houses" ("cat_id","shelter_id") VALUES (335,16);
INSERT INTO "Houses" ("cat_id","shelter_id") VALUES (336,5);
INSERT INTO "Houses" ("cat_id","shelter_id") VALUES (337,11);
INSERT INTO "Houses" ("cat_id","shelter_id") VALUES (338,7);
INSERT INTO "Houses" ("cat_id","shelter_id") VALUES (339,8);
INSERT INTO "Houses" ("cat_id","shelter_id") VALUES (340,12);
INSERT INTO "Houses" ("cat_id","shelter_id") VALUES (341,13);
INSERT INTO "Houses" ("cat_id","shelter_id") VALUES (342,1);
INSERT INTO "Houses" ("cat_id","shelter_id") VALUES (343,23);
INSERT INTO "Houses" ("cat_id","shelter_id") VALUES (344,15);
INSERT INTO "Houses" ("cat_id","shelter_id") VALUES (345,25);
INSERT INTO "Houses" ("cat_id","shelter_id") VALUES (346,5);
INSERT INTO "Houses" ("cat_id","shelter_id") VALUES (347,27);
INSERT INTO "Houses" ("cat_id","shelter_id") VALUES (348,17);
INSERT INTO "Houses" ("cat_id","shelter_id") VALUES (349,3);
INSERT INTO "Houses" ("cat_id","shelter_id") VALUES (350,28);
INSERT INTO "Houses" ("cat_id","shelter_id") VALUES (351,7);
INSERT INTO "Houses" ("cat_id","shelter_id") VALUES (352,11);
INSERT INTO "Houses" ("cat_id","shelter_id") VALUES (353,24);
INSERT INTO "Houses" ("cat_id","shelter_id") VALUES (354,16);
INSERT INTO "Houses" ("cat_id","shelter_id") VALUES (355,2);
INSERT INTO "Houses" ("cat_id","shelter_id") VALUES (356,6);
INSERT INTO "Houses" ("cat_id","shelter_id") VALUES (357,14);
INSERT INTO "Houses" ("cat_id","shelter_id") VALUES (358,26);
INSERT INTO "Houses" ("cat_id","shelter_id") VALUES (359,30);
INSERT INTO "Houses" ("cat_id","shelter_id") VALUES (360,18);
INSERT INTO "Houses" ("cat_id","shelter_id") VALUES (361,2);
INSERT INTO "Houses" ("cat_id","shelter_id") VALUES (362,14);
INSERT INTO "Houses" ("cat_id","shelter_id") VALUES (363,9);
INSERT INTO "Houses" ("cat_id","shelter_id") VALUES (364,25);
INSERT INTO "Houses" ("cat_id","shelter_id") VALUES (365,19);
INSERT INTO "Houses" ("cat_id","shelter_id") VALUES (366,17);
INSERT INTO "Houses" ("cat_id","shelter_id") VALUES (367,23);
INSERT INTO "Houses" ("cat_id","shelter_id") VALUES (368,12);
INSERT INTO "Houses" ("cat_id","shelter_id") VALUES (369,7);
INSERT INTO "Houses" ("cat_id","shelter_id") VALUES (370,27);
INSERT INTO "Houses" ("cat_id","shelter_id") VALUES (371,5);
INSERT INTO "Houses" ("cat_id","shelter_id") VALUES (372,8);
INSERT INTO "Houses" ("cat_id","shelter_id") VALUES (373,29);
INSERT INTO "Houses" ("cat_id","shelter_id") VALUES (374,15);
INSERT INTO "Houses" ("cat_id","shelter_id") VALUES (375,4);
INSERT INTO "Houses" ("cat_id","shelter_id") VALUES (376,29);
INSERT INTO "Houses" ("cat_id","shelter_id") VALUES (377,14);
INSERT INTO "Houses" ("cat_id","shelter_id") VALUES (378,2);
INSERT INTO "Houses" ("cat_id","shelter_id") VALUES (379,20);
INSERT INTO "Houses" ("cat_id","shelter_id") VALUES (380,10);
INSERT INTO "Houses" ("cat_id","shelter_id") VALUES (381,18);
INSERT INTO "Houses" ("cat_id","shelter_id") VALUES (382,23);
INSERT INTO "Houses" ("cat_id","shelter_id") VALUES (383,21);
INSERT INTO "Houses" ("cat_id","shelter_id") VALUES (384,1);
INSERT INTO "Houses" ("cat_id","shelter_id") VALUES (385,24);
INSERT INTO "Houses" ("cat_id","shelter_id") VALUES (386,9);
INSERT INTO "Houses" ("cat_id","shelter_id") VALUES (387,25);
INSERT INTO "Houses" ("cat_id","shelter_id") VALUES (388,17);
INSERT INTO "Houses" ("cat_id","shelter_id") VALUES (389,8);
INSERT INTO "Houses" ("cat_id","shelter_id") VALUES (390,13);
INSERT INTO "Houses" ("cat_id","shelter_id") VALUES (391,30);
INSERT INTO "Houses" ("cat_id","shelter_id") VALUES (392,5);
INSERT INTO "Houses" ("cat_id","shelter_id") VALUES (393,9);
INSERT INTO "Houses" ("cat_id","shelter_id") VALUES (394,10);
INSERT INTO "Houses" ("cat_id","shelter_id") VALUES (395,8);
INSERT INTO "Houses" ("cat_id","shelter_id") VALUES (396,22);
INSERT INTO "Houses" ("cat_id","shelter_id") VALUES (397,23);
INSERT INTO "Houses" ("cat_id","shelter_id") VALUES (398,16);
INSERT INTO "Houses" ("cat_id","shelter_id") VALUES (399,6);
INSERT INTO "Houses" ("cat_id","shelter_id") VALUES (400,28);
INSERT INTO "Houses" ("cat_id","shelter_id") VALUES (401,18);
INSERT INTO "Houses" ("cat_id","shelter_id") VALUES (402,26);
INSERT INTO "Houses" ("cat_id","shelter_id") VALUES (403,1);
INSERT INTO "Houses" ("cat_id","shelter_id") VALUES (404,21);
INSERT INTO "Houses" ("cat_id","shelter_id") VALUES (405,15);
INSERT INTO "Houses" ("cat_id","shelter_id") VALUES (406,10);
INSERT INTO "Houses" ("cat_id","shelter_id") VALUES (407,14);
INSERT INTO "Houses" ("cat_id","shelter_id") VALUES (408,6);
INSERT INTO "Houses" ("cat_id","shelter_id") VALUES (409,22);
INSERT INTO "Houses" ("cat_id","shelter_id") VALUES (410,24);
INSERT INTO "Houses" ("cat_id","shelter_id") VALUES (411,11);
INSERT INTO "Houses" ("cat_id","shelter_id") VALUES (412,23);
INSERT INTO "Houses" ("cat_id","shelter_id") VALUES (413,3);
INSERT INTO "Houses" ("cat_id","shelter_id") VALUES (414,7);
INSERT INTO "Houses" ("cat_id","shelter_id") VALUES (415,18);
INSERT INTO "Houses" ("cat_id","shelter_id") VALUES (416,2);
INSERT INTO "Houses" ("cat_id","shelter_id") VALUES (417,27);
INSERT INTO "Houses" ("cat_id","shelter_id") VALUES (418,25);
INSERT INTO "Houses" ("cat_id","shelter_id") VALUES (419,9);
INSERT INTO "Houses" ("cat_id","shelter_id") VALUES (420,17);
INSERT INTO "Houses" ("cat_id","shelter_id") VALUES (421,3);
INSERT INTO "Houses" ("cat_id","shelter_id") VALUES (422,8);
INSERT INTO "Houses" ("cat_id","shelter_id") VALUES (423,2);
INSERT INTO "Houses" ("cat_id","shelter_id") VALUES (424,24);
INSERT INTO "Houses" ("cat_id","shelter_id") VALUES (425,13);
INSERT INTO "Houses" ("cat_id","shelter_id") VALUES (426,15);
INSERT INTO "Houses" ("cat_id","shelter_id") VALUES (427,18);
INSERT INTO "Houses" ("cat_id","shelter_id") VALUES (428,6);
INSERT INTO "Houses" ("cat_id","shelter_id") VALUES (429,26);
INSERT INTO "Houses" ("cat_id","shelter_id") VALUES (430,20);
INSERT INTO "Houses" ("cat_id","shelter_id") VALUES (431,28);
INSERT INTO "Houses" ("cat_id","shelter_id") VALUES (432,25);
INSERT INTO "Houses" ("cat_id","shelter_id") VALUES (433,7);
INSERT INTO "Houses" ("cat_id","shelter_id") VALUES (434,27);
INSERT INTO "Houses" ("cat_id","shelter_id") VALUES (435,14);
INSERT INTO "Houses" ("cat_id","shelter_id") VALUES (436,25);
INSERT INTO "Houses" ("cat_id","shelter_id") VALUES (437,9);
INSERT INTO "Houses" ("cat_id","shelter_id") VALUES (438,21);
INSERT INTO "Houses" ("cat_id","shelter_id") VALUES (439,3);
INSERT INTO "Houses" ("cat_id","shelter_id") VALUES (440,7);
INSERT INTO "Houses" ("cat_id","shelter_id") VALUES (441,17);
INSERT INTO "Houses" ("cat_id","shelter_id") VALUES (442,1);
INSERT INTO "Houses" ("cat_id","shelter_id") VALUES (443,12);
INSERT INTO "Houses" ("cat_id","shelter_id") VALUES (444,10);
INSERT INTO "Houses" ("cat_id","shelter_id") VALUES (445,11);
INSERT INTO "Houses" ("cat_id","shelter_id") VALUES (446,23);
INSERT INTO "Houses" ("cat_id","shelter_id") VALUES (447,8);
INSERT INTO "Houses" ("cat_id","shelter_id") VALUES (448,16);
INSERT INTO "Houses" ("cat_id","shelter_id") VALUES (449,18);
INSERT INTO "Houses" ("cat_id","shelter_id") VALUES (450,22);
INSERT INTO "Houses" ("cat_id","shelter_id") VALUES (451,4);
INSERT INTO "Houses" ("cat_id","shelter_id") VALUES (452,6);
INSERT INTO "Houses" ("cat_id","shelter_id") VALUES (453,26);
INSERT INTO "Houses" ("cat_id","shelter_id") VALUES (454,11);
INSERT INTO "Houses" ("cat_id","shelter_id") VALUES (455,13);
INSERT INTO "Houses" ("cat_id","shelter_id") VALUES (456,18);
INSERT INTO "Houses" ("cat_id","shelter_id") VALUES (457,27);
INSERT INTO "Houses" ("cat_id","shelter_id") VALUES (458,15);
INSERT INTO "Houses" ("cat_id","shelter_id") VALUES (459,16);
INSERT INTO "Houses" ("cat_id","shelter_id") VALUES (460,19);
INSERT INTO "Houses" ("cat_id","shelter_id") VALUES (461,23);
INSERT INTO "Houses" ("cat_id","shelter_id") VALUES (462,9);
INSERT INTO "Houses" ("cat_id","shelter_id") VALUES (463,17);
INSERT INTO "Houses" ("cat_id","shelter_id") VALUES (464,7);
INSERT INTO "Houses" ("cat_id","shelter_id") VALUES (465,29);
INSERT INTO "Houses" ("cat_id","shelter_id") VALUES (466,3);
INSERT INTO "Houses" ("cat_id","shelter_id") VALUES (467,22);
INSERT INTO "Houses" ("cat_id","shelter_id") VALUES (468,27);
INSERT INTO "Houses" ("cat_id","shelter_id") VALUES (469,5);
INSERT INTO "Houses" ("cat_id","shelter_id") VALUES (470,8);
INSERT INTO "Houses" ("cat_id","shelter_id") VALUES (471,21);
INSERT INTO "Houses" ("cat_id","shelter_id") VALUES (472,14);
INSERT INTO "Houses" ("cat_id","shelter_id") VALUES (473,25);
INSERT INTO "Houses" ("cat_id","shelter_id") VALUES (474,7);
INSERT INTO "Houses" ("cat_id","shelter_id") VALUES (475,29);
INSERT INTO "Houses" ("cat_id","shelter_id") VALUES (476,15);
INSERT INTO "Houses" ("cat_id","shelter_id") VALUES (477,10);
INSERT INTO "Houses" ("cat_id","shelter_id") VALUES (478,19);
INSERT INTO "Houses" ("cat_id","shelter_id") VALUES (479,23);
INSERT INTO "Houses" ("cat_id","shelter_id") VALUES (480,24);
INSERT INTO "Houses" ("cat_id","shelter_id") VALUES (481,2);
INSERT INTO "Houses" ("cat_id","shelter_id") VALUES (482,18);
INSERT INTO "Houses" ("cat_id","shelter_id") VALUES (483,11);
INSERT INTO "Houses" ("cat_id","shelter_id") VALUES (484,13);
INSERT INTO "Houses" ("cat_id","shelter_id") VALUES (485,30);
INSERT INTO "Houses" ("cat_id","shelter_id") VALUES (486,9);
INSERT INTO "Houses" ("cat_id","shelter_id") VALUES (487,28);
INSERT INTO "Houses" ("cat_id","shelter_id") VALUES (488,20);
INSERT INTO "Houses" ("cat_id","shelter_id") VALUES (489,12);
INSERT INTO "Houses" ("cat_id","shelter_id") VALUES (490,4);
INSERT INTO "Houses" ("cat_id","shelter_id") VALUES (491,6);
INSERT INTO "Houses" ("cat_id","shelter_id") VALUES (492,16);
INSERT INTO "Houses" ("cat_id","shelter_id") VALUES (493,26);
INSERT INTO "Houses" ("cat_id","shelter_id") VALUES (494,1);
INSERT INTO "Houses" ("cat_id","shelter_id") VALUES (495,17);
INSERT INTO "Houses" ("cat_id","shelter_id") VALUES (496,2);
INSERT INTO "Houses" ("cat_id","shelter_id") VALUES (497,21);
INSERT INTO "Houses" ("cat_id","shelter_id") VALUES (498,8);
INSERT INTO "Houses" ("cat_id","shelter_id") VALUES (499,13);
INSERT INTO "Houses" ("cat_id","shelter_id") VALUES (500,17);
INSERT INTO "Ratings" ("user_id","shelter_id","rating_score") VALUES (1,16,3);
INSERT INTO "Ratings" ("user_id","shelter_id","rating_score") VALUES (2,21,1);
INSERT INTO "Ratings" ("user_id","shelter_id","rating_score") VALUES (3,23,3);
INSERT INTO "Ratings" ("user_id","shelter_id","rating_score") VALUES (4,10,2);
INSERT INTO "Ratings" ("user_id","shelter_id","rating_score") VALUES (5,28,3);
INSERT INTO "Ratings" ("user_id","shelter_id","rating_score") VALUES (6,5,4);
INSERT INTO "Ratings" ("user_id","shelter_id","rating_score") VALUES (7,5,1);
INSERT INTO "Ratings" ("user_id","shelter_id","rating_score") VALUES (8,20,2);
INSERT INTO "Ratings" ("user_id","shelter_id","rating_score") VALUES (9,28,2);
INSERT INTO "Ratings" ("user_id","shelter_id","rating_score") VALUES (10,12,3);
INSERT INTO "Ratings" ("user_id","shelter_id","rating_score") VALUES (11,7,2);
INSERT INTO "Ratings" ("user_id","shelter_id","rating_score") VALUES (12,8,2);
INSERT INTO "Ratings" ("user_id","shelter_id","rating_score") VALUES (13,30,5);
INSERT INTO "Ratings" ("user_id","shelter_id","rating_score") VALUES (14,7,5);
INSERT INTO "Ratings" ("user_id","shelter_id","rating_score") VALUES (15,6,3);
INSERT INTO "Ratings" ("user_id","shelter_id","rating_score") VALUES (16,13,3);
INSERT INTO "Ratings" ("user_id","shelter_id","rating_score") VALUES (17,16,4);
INSERT INTO "Ratings" ("user_id","shelter_id","rating_score") VALUES (18,19,5);
INSERT INTO "Ratings" ("user_id","shelter_id","rating_score") VALUES (19,13,3);
INSERT INTO "Ratings" ("user_id","shelter_id","rating_score") VALUES (20,14,3);
INSERT INTO "Ratings" ("user_id","shelter_id","rating_score") VALUES (21,18,5);
INSERT INTO "Ratings" ("user_id","shelter_id","rating_score") VALUES (22,23,4);
INSERT INTO "Ratings" ("user_id","shelter_id","rating_score") VALUES (23,27,2);
INSERT INTO "Ratings" ("user_id","shelter_id","rating_score") VALUES (24,16,3);
INSERT INTO "Ratings" ("user_id","shelter_id","rating_score") VALUES (25,12,4);
INSERT INTO "Ratings" ("user_id","shelter_id","rating_score") VALUES (26,1,2);
INSERT INTO "Ratings" ("user_id","shelter_id","rating_score") VALUES (27,21,5);
INSERT INTO "Ratings" ("user_id","shelter_id","rating_score") VALUES (28,6,5);
INSERT INTO "Ratings" ("user_id","shelter_id","rating_score") VALUES (29,26,4);
INSERT INTO "Ratings" ("user_id","shelter_id","rating_score") VALUES (30,15,2);
INSERT INTO "Ratings" ("user_id","shelter_id","rating_score") VALUES (31,22,1);
INSERT INTO "Ratings" ("user_id","shelter_id","rating_score") VALUES (32,11,3);
INSERT INTO "Ratings" ("user_id","shelter_id","rating_score") VALUES (33,17,3);
INSERT INTO "Ratings" ("user_id","shelter_id","rating_score") VALUES (34,7,1);
INSERT INTO "Ratings" ("user_id","shelter_id","rating_score") VALUES (35,13,3);
INSERT INTO "Ratings" ("user_id","shelter_id","rating_score") VALUES (36,25,2);
INSERT INTO "Ratings" ("user_id","shelter_id","rating_score") VALUES (37,14,1);
INSERT INTO "Ratings" ("user_id","shelter_id","rating_score") VALUES (38,25,1);
INSERT INTO "Ratings" ("user_id","shelter_id","rating_score") VALUES (39,29,2);
INSERT INTO "Ratings" ("user_id","shelter_id","rating_score") VALUES (40,30,5);
INSERT INTO "Ratings" ("user_id","shelter_id","rating_score") VALUES (41,9,4);
INSERT INTO "Ratings" ("user_id","shelter_id","rating_score") VALUES (42,16,4);
INSERT INTO "Ratings" ("user_id","shelter_id","rating_score") VALUES (43,5,1);
INSERT INTO "Ratings" ("user_id","shelter_id","rating_score") VALUES (44,17,5);
INSERT INTO "Ratings" ("user_id","shelter_id","rating_score") VALUES (45,24,3);
INSERT INTO "Ratings" ("user_id","shelter_id","rating_score") VALUES (46,22,5);
INSERT INTO "Ratings" ("user_id","shelter_id","rating_score") VALUES (47,9,2);
INSERT INTO "Ratings" ("user_id","shelter_id","rating_score") VALUES (48,16,1);
INSERT INTO "Ratings" ("user_id","shelter_id","rating_score") VALUES (49,18,2);
INSERT INTO "Ratings" ("user_id","shelter_id","rating_score") VALUES (50,3,4);
INSERT INTO "Ratings" ("user_id","shelter_id","rating_score") VALUES (51,21,1);
INSERT INTO "Ratings" ("user_id","shelter_id","rating_score") VALUES (52,23,5);
INSERT INTO "Ratings" ("user_id","shelter_id","rating_score") VALUES (53,1,1);
INSERT INTO "Ratings" ("user_id","shelter_id","rating_score") VALUES (54,26,2);
INSERT INTO "Ratings" ("user_id","shelter_id","rating_score") VALUES (55,23,2);
INSERT INTO "Ratings" ("user_id","shelter_id","rating_score") VALUES (56,10,2);
INSERT INTO "Ratings" ("user_id","shelter_id","rating_score") VALUES (57,20,1);
INSERT INTO "Ratings" ("user_id","shelter_id","rating_score") VALUES (58,17,3);
INSERT INTO "Ratings" ("user_id","shelter_id","rating_score") VALUES (59,18,1);
INSERT INTO "Ratings" ("user_id","shelter_id","rating_score") VALUES (60,13,1);
INSERT INTO "Ratings" ("user_id","shelter_id","rating_score") VALUES (61,1,1);
INSERT INTO "Ratings" ("user_id","shelter_id","rating_score") VALUES (62,13,2);
INSERT INTO "Ratings" ("user_id","shelter_id","rating_score") VALUES (63,15,5);
INSERT INTO "Ratings" ("user_id","shelter_id","rating_score") VALUES (64,19,2);
INSERT INTO "Ratings" ("user_id","shelter_id","rating_score") VALUES (65,6,2);
INSERT INTO "Ratings" ("user_id","shelter_id","rating_score") VALUES (66,9,3);
INSERT INTO "Ratings" ("user_id","shelter_id","rating_score") VALUES (67,13,5);
INSERT INTO "Ratings" ("user_id","shelter_id","rating_score") VALUES (68,3,1);
INSERT INTO "Ratings" ("user_id","shelter_id","rating_score") VALUES (69,23,4);
INSERT INTO "Ratings" ("user_id","shelter_id","rating_score") VALUES (70,18,5);
INSERT INTO "Ratings" ("user_id","shelter_id","rating_score") VALUES (71,10,3);
INSERT INTO "Ratings" ("user_id","shelter_id","rating_score") VALUES (72,15,1);
INSERT INTO "Ratings" ("user_id","shelter_id","rating_score") VALUES (73,26,2);
INSERT INTO "Ratings" ("user_id","shelter_id","rating_score") VALUES (74,13,2);
INSERT INTO "Ratings" ("user_id","shelter_id","rating_score") VALUES (75,6,2);
INSERT INTO "Ratings" ("user_id","shelter_id","rating_score") VALUES (76,23,5);
INSERT INTO "Ratings" ("user_id","shelter_id","rating_score") VALUES (77,1,1);
INSERT INTO "Ratings" ("user_id","shelter_id","rating_score") VALUES (78,11,1);
INSERT INTO "Ratings" ("user_id","shelter_id","rating_score") VALUES (79,24,2);
INSERT INTO "Ratings" ("user_id","shelter_id","rating_score") VALUES (80,11,3);
INSERT INTO "Ratings" ("user_id","shelter_id","rating_score") VALUES (81,25,1);
INSERT INTO "Ratings" ("user_id","shelter_id","rating_score") VALUES (82,4,4);
INSERT INTO "Ratings" ("user_id","shelter_id","rating_score") VALUES (83,5,3);
INSERT INTO "Ratings" ("user_id","shelter_id","rating_score") VALUES (84,30,3);
INSERT INTO "Ratings" ("user_id","shelter_id","rating_score") VALUES (85,26,2);
INSERT INTO "Ratings" ("user_id","shelter_id","rating_score") VALUES (86,29,3);
INSERT INTO "Ratings" ("user_id","shelter_id","rating_score") VALUES (87,21,3);
INSERT INTO "Ratings" ("user_id","shelter_id","rating_score") VALUES (88,20,1);
INSERT INTO "Ratings" ("user_id","shelter_id","rating_score") VALUES (89,25,3);
INSERT INTO "Ratings" ("user_id","shelter_id","rating_score") VALUES (90,18,1);
INSERT INTO "Ratings" ("user_id","shelter_id","rating_score") VALUES (91,15,3);
INSERT INTO "Ratings" ("user_id","shelter_id","rating_score") VALUES (92,22,1);
INSERT INTO "Ratings" ("user_id","shelter_id","rating_score") VALUES (93,16,4);
INSERT INTO "Ratings" ("user_id","shelter_id","rating_score") VALUES (94,24,3);
INSERT INTO "Ratings" ("user_id","shelter_id","rating_score") VALUES (95,19,3);
INSERT INTO "Ratings" ("user_id","shelter_id","rating_score") VALUES (96,17,2);
INSERT INTO "Ratings" ("user_id","shelter_id","rating_score") VALUES (97,19,4);
INSERT INTO "Ratings" ("user_id","shelter_id","rating_score") VALUES (98,10,5);
INSERT INTO "Ratings" ("user_id","shelter_id","rating_score") VALUES (99,4,1);
INSERT INTO "Ratings" ("user_id","shelter_id","rating_score") VALUES (100,27,2);
INSERT INTO "Ratings" ("user_id","shelter_id","rating_score") VALUES (101,30,3);
INSERT INTO "Ratings" ("user_id","shelter_id","rating_score") VALUES (102,20,1);
INSERT INTO "Ratings" ("user_id","shelter_id","rating_score") VALUES (103,2,1);
INSERT INTO "Ratings" ("user_id","shelter_id","rating_score") VALUES (104,9,5);
INSERT INTO "Ratings" ("user_id","shelter_id","rating_score") VALUES (105,4,5);
INSERT INTO "Ratings" ("user_id","shelter_id","rating_score") VALUES (106,30,5);
INSERT INTO "Ratings" ("user_id","shelter_id","rating_score") VALUES (107,5,3);
INSERT INTO "Ratings" ("user_id","shelter_id","rating_score") VALUES (108,3,4);
INSERT INTO "Ratings" ("user_id","shelter_id","rating_score") VALUES (109,4,2);
INSERT INTO "Ratings" ("user_id","shelter_id","rating_score") VALUES (110,20,1);
INSERT INTO "Ratings" ("user_id","shelter_id","rating_score") VALUES (111,15,2);
INSERT INTO "Ratings" ("user_id","shelter_id","rating_score") VALUES (112,2,2);
INSERT INTO "Ratings" ("user_id","shelter_id","rating_score") VALUES (113,21,3);
INSERT INTO "Ratings" ("user_id","shelter_id","rating_score") VALUES (114,8,4);
INSERT INTO "Ratings" ("user_id","shelter_id","rating_score") VALUES (115,5,2);
INSERT INTO "Ratings" ("user_id","shelter_id","rating_score") VALUES (116,21,5);
INSERT INTO "Ratings" ("user_id","shelter_id","rating_score") VALUES (117,3,4);
INSERT INTO "Ratings" ("user_id","shelter_id","rating_score") VALUES (118,2,5);
INSERT INTO "Ratings" ("user_id","shelter_id","rating_score") VALUES (119,27,5);
INSERT INTO "Ratings" ("user_id","shelter_id","rating_score") VALUES (120,7,2);
INSERT INTO "Ratings" ("user_id","shelter_id","rating_score") VALUES (121,15,2);
INSERT INTO "Ratings" ("user_id","shelter_id","rating_score") VALUES (122,22,3);
INSERT INTO "Ratings" ("user_id","shelter_id","rating_score") VALUES (123,10,4);
INSERT INTO "Ratings" ("user_id","shelter_id","rating_score") VALUES (124,27,1);
INSERT INTO "Ratings" ("user_id","shelter_id","rating_score") VALUES (125,29,2);
INSERT INTO "Ratings" ("user_id","shelter_id","rating_score") VALUES (126,16,1);
INSERT INTO "Ratings" ("user_id","shelter_id","rating_score") VALUES (127,7,4);
INSERT INTO "Ratings" ("user_id","shelter_id","rating_score") VALUES (128,28,2);
INSERT INTO "Ratings" ("user_id","shelter_id","rating_score") VALUES (129,3,1);
INSERT INTO "Ratings" ("user_id","shelter_id","rating_score") VALUES (130,16,2);
INSERT INTO "Ratings" ("user_id","shelter_id","rating_score") VALUES (131,1,5);
INSERT INTO "Ratings" ("user_id","shelter_id","rating_score") VALUES (132,11,4);
INSERT INTO "Ratings" ("user_id","shelter_id","rating_score") VALUES (133,23,2);
INSERT INTO "Ratings" ("user_id","shelter_id","rating_score") VALUES (134,10,1);
INSERT INTO "Ratings" ("user_id","shelter_id","rating_score") VALUES (135,3,4);
INSERT INTO "Ratings" ("user_id","shelter_id","rating_score") VALUES (136,25,3);
INSERT INTO "Ratings" ("user_id","shelter_id","rating_score") VALUES (137,4,5);
INSERT INTO "Ratings" ("user_id","shelter_id","rating_score") VALUES (138,27,1);
INSERT INTO "Ratings" ("user_id","shelter_id","rating_score") VALUES (139,17,3);
INSERT INTO "Ratings" ("user_id","shelter_id","rating_score") VALUES (140,29,1);
INSERT INTO "Ratings" ("user_id","shelter_id","rating_score") VALUES (141,10,3);
INSERT INTO "Ratings" ("user_id","shelter_id","rating_score") VALUES (142,26,1);
INSERT INTO "Ratings" ("user_id","shelter_id","rating_score") VALUES (143,8,4);
INSERT INTO "Ratings" ("user_id","shelter_id","rating_score") VALUES (144,24,2);
INSERT INTO "Ratings" ("user_id","shelter_id","rating_score") VALUES (145,26,1);
INSERT INTO "Ratings" ("user_id","shelter_id","rating_score") VALUES (146,2,1);
INSERT INTO "Ratings" ("user_id","shelter_id","rating_score") VALUES (147,21,5);
INSERT INTO "Ratings" ("user_id","shelter_id","rating_score") VALUES (148,25,5);
INSERT INTO "Ratings" ("user_id","shelter_id","rating_score") VALUES (149,16,4);
INSERT INTO "Ratings" ("user_id","shelter_id","rating_score") VALUES (150,13,1);
INSERT INTO "Ratings" ("user_id","shelter_id","rating_score") VALUES (151,30,2);
INSERT INTO "Ratings" ("user_id","shelter_id","rating_score") VALUES (152,10,2);
INSERT INTO "Ratings" ("user_id","shelter_id","rating_score") VALUES (153,26,5);
INSERT INTO "Ratings" ("user_id","shelter_id","rating_score") VALUES (154,7,1);
INSERT INTO "Ratings" ("user_id","shelter_id","rating_score") VALUES (155,25,2);
INSERT INTO "Ratings" ("user_id","shelter_id","rating_score") VALUES (156,21,5);
INSERT INTO "Ratings" ("user_id","shelter_id","rating_score") VALUES (157,21,3);
INSERT INTO "Ratings" ("user_id","shelter_id","rating_score") VALUES (158,1,1);
INSERT INTO "Ratings" ("user_id","shelter_id","rating_score") VALUES (159,12,2);
INSERT INTO "Ratings" ("user_id","shelter_id","rating_score") VALUES (160,9,3);
INSERT INTO "Ratings" ("user_id","shelter_id","rating_score") VALUES (161,23,1);
INSERT INTO "Ratings" ("user_id","shelter_id","rating_score") VALUES (162,5,1);
INSERT INTO "Ratings" ("user_id","shelter_id","rating_score") VALUES (163,18,5);
INSERT INTO "Ratings" ("user_id","shelter_id","rating_score") VALUES (164,8,1);
INSERT INTO "Ratings" ("user_id","shelter_id","rating_score") VALUES (165,21,5);
INSERT INTO "Ratings" ("user_id","shelter_id","rating_score") VALUES (166,25,4);
INSERT INTO "Ratings" ("user_id","shelter_id","rating_score") VALUES (167,1,4);
INSERT INTO "Ratings" ("user_id","shelter_id","rating_score") VALUES (168,30,2);
INSERT INTO "Ratings" ("user_id","shelter_id","rating_score") VALUES (169,25,5);
INSERT INTO "Ratings" ("user_id","shelter_id","rating_score") VALUES (170,27,2);
INSERT INTO "Ratings" ("user_id","shelter_id","rating_score") VALUES (171,14,3);
INSERT INTO "Ratings" ("user_id","shelter_id","rating_score") VALUES (172,19,2);
INSERT INTO "Ratings" ("user_id","shelter_id","rating_score") VALUES (173,10,1);
INSERT INTO "Ratings" ("user_id","shelter_id","rating_score") VALUES (174,23,5);
INSERT INTO "Ratings" ("user_id","shelter_id","rating_score") VALUES (175,11,1);
INSERT INTO "Ratings" ("user_id","shelter_id","rating_score") VALUES (176,13,3);
INSERT INTO "Ratings" ("user_id","shelter_id","rating_score") VALUES (177,24,4);
INSERT INTO "Ratings" ("user_id","shelter_id","rating_score") VALUES (178,30,5);
INSERT INTO "Ratings" ("user_id","shelter_id","rating_score") VALUES (179,19,4);
INSERT INTO "Ratings" ("user_id","shelter_id","rating_score") VALUES (180,22,2);
INSERT INTO "Ratings" ("user_id","shelter_id","rating_score") VALUES (181,25,5);
INSERT INTO "Ratings" ("user_id","shelter_id","rating_score") VALUES (182,17,1);
INSERT INTO "Ratings" ("user_id","shelter_id","rating_score") VALUES (183,4,3);
INSERT INTO "Ratings" ("user_id","shelter_id","rating_score") VALUES (184,9,5);
INSERT INTO "Ratings" ("user_id","shelter_id","rating_score") VALUES (185,21,1);
INSERT INTO "Ratings" ("user_id","shelter_id","rating_score") VALUES (186,7,1);
INSERT INTO "Ratings" ("user_id","shelter_id","rating_score") VALUES (187,22,3);
INSERT INTO "Ratings" ("user_id","shelter_id","rating_score") VALUES (188,5,2);
INSERT INTO "Ratings" ("user_id","shelter_id","rating_score") VALUES (189,21,3);
INSERT INTO "Ratings" ("user_id","shelter_id","rating_score") VALUES (190,25,4);
INSERT INTO "Ratings" ("user_id","shelter_id","rating_score") VALUES (191,28,5);
INSERT INTO "Ratings" ("user_id","shelter_id","rating_score") VALUES (192,20,3);
INSERT INTO "Ratings" ("user_id","shelter_id","rating_score") VALUES (193,23,4);
INSERT INTO "Ratings" ("user_id","shelter_id","rating_score") VALUES (194,4,5);
INSERT INTO "Ratings" ("user_id","shelter_id","rating_score") VALUES (195,8,2);
INSERT INTO "Ratings" ("user_id","shelter_id","rating_score") VALUES (196,19,3);
INSERT INTO "Ratings" ("user_id","shelter_id","rating_score") VALUES (197,18,3);
INSERT INTO "Ratings" ("user_id","shelter_id","rating_score") VALUES (198,12,2);
INSERT INTO "Ratings" ("user_id","shelter_id","rating_score") VALUES (199,15,3);
INSERT INTO "Ratings" ("user_id","shelter_id","rating_score") VALUES (200,6,4);
COMMIT;
